,CHI Production Index,CHI Shipments Index,FRA Production Index,FRA Shipments Index,GER Production Index,GER Shipments Index,ITA Production Index,ITA Shipments Index,JAP Production Index,JAP Shipments Index,SWI Production Index,SWI Shipments Index,UK Production Index,UK Shipments Index,USA Production Index,USA Shipments Index,Europe Production Index,Europe Shipments Index,(W) Price of Base Metals,(W) Price of Energy,(W) Price of Metals & Minerals,(W) Price of Natural gas index,"(W) Price of Crude oil, average",(W) Price of Copper,USA EUR to LCU Conversion Rate ,USA EE Producer Prices,UK EE Producer Prices,ITA EE Producer Prices,FRA EE Producer Prices,GER EE Producer Prices,CHI EE Producer Prices,USA Machinery & Equipment Index,(W) Machinery & Equipment Index,SWI Machinery & Equipment Index,UK Machinery & Equipment Index,ITA Machinery & Equipment Index,JAP Machinery & Equipment Index,FRA Machinery & Equipment Index,GER Machinery & Equipment Index,USA EE Production Index,(W) EE Production Index,SWI EE Production Index,UK EE Production Index,ITA EE Production Index,JAP EE Production Index,FRA EE Production Index,GER EE Production Index,CC_CHI,CC_FRA,CC_GER,CC_ITA,CC_JAP,CC_Europe,CC_SWI,CC_UK,CC_USA,BC_CHI,BC_FRA,BC_GER,BC_ITA,BC_JAP,BC_Europe,BC_SWI,BC_UK,BC_USA,stock_price,stock_price_change,stock_volume,Covid_Chi,Covid_Fra,Covid_Ger,Covid_Ita,Covid_Swi,Covid_UK,Covid_US,Clean_Chi,Clean_Fra,Clean_Ger,Clean_Ita,Clean_Swi,Clean_UK,Clean_US,Fossil_Chi,Fossil_Fra,Fossil_Ger,Fossil_Ita,Fossil_Swi,Fossil_UK,Fossil_US,Buildings_Ger,Year,Month,Semester,sin_Semester,cos_Semester,Quarter,sin_Quarter,cos_Quarter,sin_month,cos_month,WeekendDaysCount,TotalDaysInMonth,WeekendDaysPercentage,SundayCount,GerHolidayCount,#1_Lag_1,#3_Lag_1,#4_Lag_1,#4_Lag_6,#5_Lag_1,#6_Lag_1,#8_Lag_1,#8_Lag_3,#9_Lag_1,#9_Lag_12,#11_Lag_1,#12_Lag_1,#12_Lag_3,#12_Lag_12,#13_Lag_1,#13_Lag_3,#14_Lag_1,#14_Lag_6,#16_Lag_1,#16_Lag_3,#20_Lag_1,#36_Lag_1,#36_Lag_12,#4_RollingMean_6,#8_RollingMean_3,#9_RollingMean_12,#12_RollingMean_3,#12_RollingMean_12,#13_RollingMean_3,#14_RollingMean_6,#16_RollingMean_3,#36_RollingMean_12,#1_Lag_1,#3_Lag_1,#4_Lag_1,#4_Lag_6,#5_Lag_1,#6_Lag_1,#8_Lag_1,#8_Lag_3,#9_Lag_1,#9_Lag_12,#11_Lag_1,#12_Lag_1,#12_Lag_3,#12_Lag_12,#13_Lag_1,#13_Lag_3,#14_Lag_1,#14_Lag_6,#16_Lag_1,#16_Lag_3,#20_Lag_1,#36_Lag_1,#36_Lag_12,#4_RollingMean_6,#8_RollingMean_3,#9_RollingMean_12,#12_RollingMean_3,#12_RollingMean_12,#13_RollingMean_3,#14_RollingMean_6,#16_RollingMean_3,#36_RollingMean_12
2018-10-01,211.95575520716895,211.95575520716895,108.280607983292,122.45173385667506,124.22787901639768,137.74195311854243,118.35051391169598,122.45689392908128,125.20995688776168,124.7932500344297,109.0777810717944,104.59478084947575,113.65932183788875,112.31802997846748,111.90254008123298,127.80883943812468,124.39196727078162,130.98925277256873,86.10258604245291,100.22216927104898,79.35498638731923,89.5707956167827,97.07226401539516,82.54508219135586,1.1483999490737915,110.70040893554688,111.4636688232422,105.2978363037109,102.0647430419922,109.1196136474609,96.31832944091008,111.42263793945312,131.34011840820312,106.81693668310244,110.89345030235928,129.3892211914063,131.50378627304292,114.7208099365234,127.4611358642578,112.85325622558594,129.32577514648438,112.97084318360916,118.6707913381898,93.0015106201172,112.3767738760491,97.84954071044922,118.2982330322266,102.8056,98.94864,101.5778,101.7588,100.3849,100.7815,100.318,100.6982,101.5022,98.79642,101.0451,101.7476,100.9696,101.5259,100.9295,102.0386,102.0568,101.2177,91.7,-7.8100000000000005,61460000.0,0.0,0.0,0.0,0.0,0.0,0.0,0.0,190.49,37.32,24.59,7.42,4.27,12.65,113.47,368.15,3.84,26.43,14.74,0.3,10.65,213.52,11738.0,2018.0,10.0,2.0,-2.449293598294706e-16,1.0,4.0,-2.449293598294706e-16,1.0,-0.8660254037844386,0.49999999999999994,8.0,31.0,25.806451612903224,4.0,1.0,37214923.999,12029350.305,353509.32399999996,386437.954,10019227.999,467947.405,451953.157,514232.06,7779.799,6374.242,1504150.0110000002,91348.89199999999,49466.79,142041.865,25067.549,29501.777000000002,10841.381000000001,16630.006,1096526.4079999998,750668.1269999999,1468.1680000000001,10781.089,11632.008,365870.05766666663,448059.47633333335,6872.912583333334,92274.03099999999,133603.54325,28098.305000000004,12889.073666666667,867970.190333333,18408.154166666667,37214923.999,12029350.305,353509.32399999996,386437.954,10019227.999,467947.405,451953.157,514232.06,7779.799,6374.242,1504150.0110000002,91348.89199999999,49466.79,142041.865,25067.549,29501.777000000002,10841.381000000001,16630.006,1096526.4079999998,750668.1269999999,1468.1680000000001,10781.089,11632.008,365870.05766666663,448059.47633333335,6872.912583333334,92274.03099999999,133603.54325,28098.305000000004,12889.073666666667,867970.190333333,18408.154166666667
2018-11-01,220.51965526454364,220.51965526454364,99.63691135445414,115.95820990880324,127.40413161341596,142.7321928919857,107.71926030710212,120.13203247194744,122.624695063198,123.2898884480816,112.24149121251496,107.65623845860024,115.0884168640642,112.80101099206072,110.88040110187232,117.67587388309826,123.07009082277396,132.9341300308063,83.84137392877682,84.4368070893486,77.50087473855753,97.3624678921418,78.84116672898655,82.23093896077806,1.1367000341415403,110.99402618408205,111.6683731079102,105.2978363037109,102.0647430419922,109.2248382568359,95.37011753317653,109.73712921142578,129.97645568847656,110.79283086796588,112.11992164210886,117.9901733398438,127.88075497763774,104.8731002807617,132.9879150390625,113.14529418945312,128.23617553710938,114.73601260835304,120.46701925955492,84.1333999633789,111.90753470288143,91.1559600830078,117.1637268066406,103.2386,98.71818,101.5438,101.645,100.285,100.6595,100.3069,100.439,101.3958,98.45412,100.9598,101.5859,100.8509,101.5088,100.9174,101.8399,102.2486,101.0049,92.31,0.67,48250000.0,0.0,0.0,0.0,0.0,0.0,0.0,0.0,167.99,39.31,22.61,8.2,4.98,13.11,119.73,406.89,5.48,29.52,14.79,0.31,11.74,204.12,11177.0,2018.0,11.0,2.0,-2.449293598294706e-16,1.0,4.0,-2.449293598294706e-16,1.0,-0.5000000000000004,0.8660254037844384,8.0,30.0,26.666666666666668,4.0,0.0,36098918.79,8089465.960000001,397760.69,378253.426,2499061.1900000004,369231.6,586052.74,481112.146,3219.32,6361.2519999999995,1021303.5,28686.33,47934.22599999999,160404.231,27666.1,31727.692000000003,5770.0,13821.851,333196.87,1073499.898,4563.14,6474.6,12657.698,364959.35733333335,485245.288,6584.85625,117400.66466666666,132983.988,25559.856666666667,13035.507000000001,677994.924333333,18304.10208333333,36098918.79,8089465.960000001,397760.69,378253.426,2499061.1900000004,369231.6,586052.74,481112.146,3219.32,6361.2519999999995,1021303.5,28686.33,47934.22599999999,160404.231,27666.1,31727.692000000003,5770.0,13821.851,333196.87,1073499.898,4563.14,6474.6,12657.698,364959.35733333335,485245.288,6584.85625,117400.66466666666,132983.988,25559.856666666667,13035.507000000001,677994.924333333,18304.10208333333
2018-12-01,241.8468542666461,241.8468542666461,94.69031212695867,115.12846857656872,120.51856496078672,141.40766055891257,88.78318142991722,131.9360987883683,122.99195639275275,124.50841279239916,115.40520135323553,110.71769606772472,101.5561075253722,94.50373333163192,106.25779649800236,123.28013378640512,113.85800458695134,131.26134849624697,82.73338904107311,74.8987464762251,76.07170463079584,94.4065778513486,68.26856416201304,80.63036128406985,1.138399958610535,111.1622314453125,112.7942657470703,105.2978363037109,102.1667098999023,109.3300628662109,94.99488496057164,103.44828033447266,124.20246887207033,114.76872505282932,99.44638446469637,99.19173431396484,128.12567937720434,104.9746170043945,137.36328125,111.82362365722656,117.04354858398438,116.50118203309694,105.3787047200878,64.8812484741211,112.52424229408744,78.03302764892578,89.6261215209961,103.6305,98.62968,101.519,101.4642,100.1741,100.5454,100.1724,100.136,101.2298,98.18901,100.852,101.3715,100.7023,101.4458,100.8464,101.6098,102.3394,100.692,87.78,-4.9,48710000.0,0.0,0.0,0.0,0.0,0.0,0.0,0.0,161.51,47.36,27.8,7.87,5.26,13.08,130.01,479.9,4.54,25.1,15.39,0.32,11.93,213.35,11919.0,2018.0,12.0,2.0,-2.449293598294706e-16,1.0,4.0,-2.449293598294706e-16,1.0,-2.449293598294706e-16,0.9999999999999999,10.0,31.0,32.25806451612903,5.0,2.0,5140760.0,11863001.51,371322.42,416892.23600000003,8993944.040000001,473046.95999999996,526292.77,373477.093,1875.9,6374.242,1898844.8,1070.0000000000146,33484.61899999999,142041.865,68180.0,32422.212,17130.0,15282.636,1377694.3199999998,1159771.921,5798.139999999999,21617.61,11632.008,382217.36683333333,461278.74,6584.85625,15878.976666666655,132983.988,37167.09333333333,14132.467166666665,2157805.283333333,18304.102083333335,5140760.0,11863001.51,371322.42,416892.23600000003,8993944.040000001,473046.95999999996,526292.77,373477.093,1875.9,6374.242,1898844.8,1070.0000000000146,33484.61899999999,142041.865,68180.0,32422.212,17130.0,15282.636,1377694.3199999998,1159771.921,5798.139999999999,21617.61,11632.008,382217.36683333333,461278.74,6584.85625,15878.976666666655,132983.988,37167.09333333333,14132.467166666665,2157805.283333333,18304.102083333335
2019-01-01,175.66814701623522,175.66814701623522,90.14377464335028,108.32515444781708,104.77632556072642,118.70382759925366,99.27511253655656,92.41884168976458,105.51402415433354,106.3039461086945,109.6217883777066,105.1644272028445,101.7997542697059,99.6592103487257,107.51080834757134,111.0437546218524,106.41800196207336,113.05756469373324,81.25109257843613,76.2047708694399,75.77415348892652,80.0553660620669,71.58752635595322,78.82247827311473,1.1416000127792358,111.38605499267578,112.0777893066406,105.5059356689453,102.7784881591797,109.7509613037109,94.95013411787868,106.50684356689452,112.17539978027344,109.19621194333568,98.83314879482158,106.9910888671875,110.20094120678866,95.22843170166016,104.4329299926758,109.49972534179688,111.52220153808594,110.35460992907802,107.17493264145294,81.55634307861328,95.95735195798586,81.90825653076172,105.4060974121094,103.9405,98.97886,101.5336,101.2748,100.0272,100.518,99.97832,99.85248,101.0311,98.12537,100.7477,101.138,100.5383,101.3079,100.6773,101.4533,101.9919,100.5415,86.34,-1.6400000000000001,52630000.0,0.0,0.0,0.0,0.0,0.0,0.0,0.0,148.69,48.01,27.61,7.9,5.56,12.01,134.69,419.34,6.27,29.35,17.37,0.32,15.13,226.12,11089.0,2019.0,1.0,1.0,1.2246467991473532e-16,-1.0,1.0,1.0,6.123233995736766e-17,0.49999999999999994,0.8660254037844387,8.0,31.0,25.806451612903224,4.0,1.0,37889612.120000005,8736859.39,430100.96,404079.483,6947507.3100000005,999472.6900000002,271490.71,586052.74,0.0,6955.892,1226122.0,17880.600000000006,28686.33,129881.59600000002,15655.18,27666.1,9.094947017729282e-13,15442.836000000001,4762524.66,333196.87,918.65,13924.52,11606.958,348296.5048333333,393061.21,6590.03175,13478.200000000012,134105.44225,37011.15666666667,12620.027333333333,2361058.723333333,17984.887000000002,37889612.120000005,8736859.39,430100.96,404079.483,6947507.3100000005,999472.6900000002,271490.71,586052.74,0.0,6955.892,1226122.0,17880.600000000006,28686.33,129881.59600000002,15655.18,27666.1,9.094947017729282e-13,15442.836000000001,4762524.66,333196.87,918.65,13924.52,11606.958,348296.5048333333,393061.21,6590.03175,13478.200000000012,134105.44225,37011.15666666667,12620.027333333333,2361058.723333333,17984.887000000002
2019-02-01,175.66814701623522,175.66814701623522,92.55152060075272,108.94465624025868,109.59701151276217,122.6869965413091,104.58668411028252,103.21421238872134,114.46664721673818,114.99630178967308,103.83837540217768,99.61115833796426,103.4957678666542,100.58945883679516,109.81760803998212,116.73692110885848,110.42959034865832,117.70472732719428,84.68173946384732,80.0860391875573,80.11719819834883,69.545041682087,77.34404909385461,83.61876987001003,1.13510000705719,111.56114196777344,111.3613128662109,105.2978363037109,102.6765289306641,109.8561935424805,94.7122043629914,109.30371856689452,116.6032943725586,103.62369883384206,99.54859040967553,113.7905197143555,117.97653190274453,100.1015243530273,112.8382263183594,110.83565521240234,112.6667251586914,104.20803782505912,110.64763995609222,83.45123291015625,107.30995615185736,80.32292938232422,103.6527709960938,104.1535,99.37622,101.548,101.0606,99.87872,100.5431,99.80544,99.72394,101.0838,98.23363,100.6161,100.8785,100.4249,101.1329,100.5132,101.3497,101.3867,100.3775,86.66,0.37,48050000.0,0.0,0.0,0.0,0.0,0.0,0.0,0.0,148.64,43.91,24.1,8.06,4.5,11.95,121.73,419.34,4.85,25.22,13.14,0.3,10.32,194.84,10465.0,2019.0,2.0,1.0,1.2246467991473532e-16,-1.0,1.0,1.0,6.123233995736766e-17,0.8660254037844386,0.5000000000000001,8.0,28.0,28.57142857142857,4.0,0.0,27728148.35,10705300.629999999,484173.88,398672.191,8233205.069999999,598874.1,381400.15,526292.77,1487.0,6374.242,2216391.74,21484.0,1069.9999999999854,142041.865,27198.29,68180.0,1686.4000000000005,15274.196,942957.19,1377694.3199999998,2398.04,15444.39,11632.008,350011.4868333333,340455.4766666667,6584.85625,24526.44666666667,132983.988,25164.033333333336,12302.812333333333,1987748.963333333,18304.102083333335,27728148.35,10705300.629999999,484173.88,398672.191,8233205.069999999,598874.1,381400.15,526292.77,1487.0,6374.242,2216391.74,21484.0,1069.9999999999854,142041.865,27198.29,68180.0,1686.4000000000005,15274.196,942957.19,1377694.3199999998,2398.04,15444.39,11632.008,350011.4868333333,340455.4766666667,6584.85625,24526.44666666667,132983.988,25164.033333333336,12302.812333333333,1987748.963333333,18304.102083333335
2019-03-01,261.6428015887835,261.6428015887835,107.8617877734872,126.96621589643505,122.53464783785472,140.11621350624793,114.29954914087736,122.45431788325496,141.6377167966329,146.09676800137896,98.05496242664876,94.05788947308402,120.7547676966352,118.18413109881963,111.66405707184596,133.231663558601,123.69391307151356,135.85907653418678,86.16782754337271,82.2232008944792,81.09669812297182,67.9121107528877,80.70096638277008,85.4631502989664,1.1302000284194946,111.92424011230467,111.0542526245117,105.5059356689453,102.8804473876953,109.9614181518555,94.4345911395054,111.95256805419922,137.50462341308594,98.05118572434844,117.74124861596118,125.3895568847656,146.63374570824828,117.3604049682617,128.612548828125,111.09249877929688,131.4561767578125,98.0614657210402,126.21494860792336,88.8327407836914,131.45076233223213,92.47706604003906,111.388053894043,104.1568,99.64111,101.5537,100.8654,99.72719,100.5893,99.71317,99.71399,101.296,98.47947,100.5592,100.5933,100.3957,100.9661,100.4004,101.2955,100.765,100.2463,86.49,-0.19999999999999996,46600000.0,0.0,0.0,0.0,0.0,0.0,0.0,0.0,179.41,45.59,31.8,8.67,4.8,13.59,132.07,412.02,3.41,20.07,13.48,0.33,9.69,197.14,11848.0,2019.0,3.0,1.0,1.2246467991473532e-16,-1.0,1.0,1.0,6.123233995736766e-17,1.0,6.123233995736766e-17,10.0,31.0,32.25806451612903,5.0,0.0,34793163.53,10167796.86,620031.8,416892.23600000003,6879250.989999999,542037.52,368475.57,271490.71,3234.2799999999997,5832.7919999999995,610456.6,34214.73999999999,17880.59999999999,139293.722,32638.63,15655.18,19196.3,15282.636,257765.04,4762524.66,620.66,8051.15,13278.023,465838.88999999996,447054.69333333336,7118.298583333333,21938.913333333316,132447.2874166667,23908.97333333333,8552.991666666667,1153024.8166666662,18242.193,34793163.53,10167796.86,620031.8,416892.23600000003,6879250.989999999,542037.52,368475.57,271490.71,3234.2799999999997,5832.7919999999995,610456.6,34214.73999999999,17880.59999999999,139293.722,32638.63,15655.18,19196.3,15282.636,257765.04,4762524.66,620.66,8051.15,13278.023,465838.88999999996,447054.69333333336,7118.298583333333,21938.913333333316,132447.2874166667,23908.97333333333,8552.991666666667,1153024.8166666662,18242.193
2019-04-01,219.5958129851704,219.5958129851704,98.67784377162845,114.91743241004696,110.61241421742044,127.51200606287358,99.73296912808776,106.27980407830448,107.15065267514242,104.72228145720284,97.0889322766768,93.31589203300774,106.69116359128024,103.93437452788436,109.27637907145598,125.21441449945448,111.92559499789276,121.96608798534596,85.63514130188692,86.4267320163874,81.59938825982671,62.4860657981163,86.76112988047286,85.4485513317659,1.1238000392913818,111.38450622558594,112.0777893066406,105.7140350341797,103.1863403320313,110.171875,93.85895922076152,109.16854095458984,121.49242401123048,97.9885732175002,102.92138659398692,110.0908279418945,110.01588878497716,106.8020324707031,115.0259094238281,109.4900131225586,119.41561889648438,95.5397951142632,113.5216046302764,75.94744873046875,101.30840670399056,85.51925659179688,102.5182647705078,104.1384,99.81876,101.5012,100.7306,99.60259,100.6055,99.67951,99.86852,101.4515,98.45925,100.5353,100.3271,100.4251,100.8391,100.2865,101.1641,100.1526,100.026,96.22,11.26,37290000.0,0.0,0.0,0.0,0.0,0.0,0.0,0.0,179.95,39.46,25.23,8.53,5.11,11.78,133.0,384.79,2.3,21.09,12.52,0.3,9.91,166.72,12299.0,2019.0,4.0,1.0,1.2246467991473532e-16,-1.0,2.0,1.2246467991473532e-16,-0.9999999999999999,0.8660254037844388,-0.4999999999999998,8.0,30.0,26.666666666666668,4.0,2.0,33856803.04,11040544.57,491643.59,397760.69,11914313.63,735604.23,591288.36,381400.15,13050.61,6374.242,493999.81000000006,10118.0,21484.0,142041.86500000002,11890.0,27198.29,7535.25,5770.0,2258352.2199999997,942957.19,3369.55,7373.419999999999,11632.008,470582.3316666667,459554.61000000004,6872.912583333333,22048.669999999984,133603.54325,17339.056666666667,7591.325,913539.7199999996,18408.154166666667,33856803.04,11040544.57,491643.59,397760.69,11914313.63,735604.23,591288.36,381400.15,13050.61,6374.242,493999.81000000006,10118.0,21484.0,142041.86500000002,11890.0,27198.29,7535.25,5770.0,2258352.2199999997,942957.19,3369.55,7373.419999999999,11632.008,470582.3316666667,459554.61000000004,6872.912583333333,22048.669999999984,133603.54325,17339.056666666667,7591.325,913539.7199999996,18408.154166666667
2019-05-01,234.1691963737265,234.1691963737265,94.77955026298685,110.8144962984979,115.71233315762302,131.99363437328986,118.00628648032657,123.26163861741064,108.94092597849968,108.49239166874624,96.12290212670486,92.57389459293144,109.71969928939492,106.8994145329881,110.06370651589472,129.91224913492672,117.9010313434784,127.69580444271897,80.97121594064892,85.1757727223883,78.64918879651992,59.42233533269711,84.55551713913766,79.86829519620431,1.118499994277954,111.61335754394533,112.2825012207031,105.7140350341797,102.7784881591797,110.0666427612305,94.49063182291836,109.1941375732422,124.61112213134766,97.92596071065196,105.37432927348608,129.4892120361328,112.39749439067936,101.4213180541992,120.2072601318359,111.786376953125,122.78617095947266,93.0181245074862,117.59305458537072,91.63719177246094,101.89294734569084,84.02201080322266,107.4688415527344,104.0783,100.0449,101.3713,100.6137,99.42149,100.6047,99.67676,100.0994,101.537,98.26464,100.6031,100.1039,100.4583,100.74,100.1495,100.9769,99.58679,99.82363,91.44,-4.97,48630000.0,0.0,0.0,0.0,0.0,0.0,0.0,0.0,200.83,40.33,23.6,10.18,5.39,10.83,141.35,380.25,2.14,20.25,11.36,0.3,9.57,192.05,13377.0,2019.0,5.0,1.0,1.2246467991473532e-16,-1.0,2.0,1.2246467991473532e-16,-0.9999999999999999,0.49999999999999994,-0.8660254037844387,8.0,31.0,25.806451612903224,4.0,2.0,39688292.010000005,12317479.75,426221.33999999997,371322.42,5714462.4799999995,277575.12,418899.9,368475.57,9119.65,6374.242,1484281.6,21813.270000000004,34214.740000000005,142041.865,7488.540000000001,32638.63,9.094947017729282e-13,17130.0,224501.9,257765.04,3619.63,4280.25,11632.008,471307.19,436331.7,6872.912583333333,18799.756666666653,133603.54325,7309.616666666665,7698.225000000001,945435.2199999996,18408.154166666667,39688292.010000005,12317479.75,426221.33999999997,371322.42,5714462.4799999995,277575.12,418899.9,368475.57,9119.65,6374.242,1484281.6,21813.270000000004,34214.740000000005,142041.865,7488.540000000001,32638.63,9.094947017729282e-13,17130.0,224501.9,257765.04,3619.63,4280.25,11632.008,471307.19,436331.7,6872.912583333333,18799.756666666653,133603.54325,7309.616666666665,7698.225000000001,945435.2199999996,18408.154166666667
2019-06-01,261.1263504070176,261.1263504070176,98.978104827605,122.04555481865556,108.91745457505206,126.7695567170754,108.23188793677132,121.31200439440344,117.7475742547908,118.46080607400636,95.15687197673294,91.8318971528552,111.54695773991853,108.95867668922128,111.71756874558032,133.7283409960749,114.3253185473292,126.61249532624144,79.41865475444601,76.3392715732818,78.52608899237563,52.9625288761405,75.60654919054667,78.06771166884941,1.1292999982833862,110.55021667480467,113.8178176879883,105.5059356689453,102.4726028442383,110.0666427612305,94.873895333731,111.47966766357422,126.9803237915039,97.86334820380372,105.16991738352785,118.9900894165039,120.4431444202594,106.0913772583008,116.0621795654297,112.1888656616211,125.1688003540039,90.4964539007092,123.10148687755712,83.52703094482422,112.2512788936122,87.45687866210938,95.8143539428711,104.086,100.2385,101.189,100.5241,99.19237,100.594,99.68859,100.1807,101.4458,98.16116,100.4701,99.83164,100.4121,100.6525,99.9551,100.774,99.24728,99.64125,94.29,3.12,37340000.0,0.0,0.0,0.0,0.0,0.0,0.0,0.0,200.95,37.21,23.2,11.23,5.96,10.16,136.78,401.46,1.95,17.62,12.51,0.28,9.19,219.45,11826.0,2019.0,6.0,1.0,1.2246467991473532e-16,-1.0,2.0,1.2246467991473532e-16,-0.9999999999999999,1.2246467991473532e-16,-0.9999999999999999,10.0,30.0,33.33333333333333,5.0,1.0,38897974.29,12798945.18,375671.57,430100.96,11389673.26,315978.77,298806.83999999997,591288.36,4614.08,6246.642,1066063.9,24468.0,10118.0,122632.033,2550.3099999999977,11890.0,17771.4,-9.094947017729282e-13,353451.54,2258352.2199999997,938.9,16905.32,10578.541,431410.555,379471.49,6872.912583333333,30178.983333333337,133603.54325,14962.686666666666,18201.176666666666,315126.273333333,18408.154166666667,38897974.29,12798945.18,375671.57,430100.96,11389673.26,315978.77,298806.83999999997,591288.36,4614.08,6246.642,1066063.9,24468.0,10118.0,122632.033,2550.3099999999977,11890.0,17771.4,-9.094947017729282e-13,353451.54,2258352.2199999997,938.9,16905.32,10578.541,431410.555,379471.49,6872.912583333333,30178.983333333337,133603.54325,14962.686666666666,18201.176666666666,315126.273333333,18408.154166666667
2019-07-01,217.05344658519093,217.05344658519093,100.35437226335446,107.25045799741042,117.1263313479991,132.66076569396373,114.70531239968778,123.57286202548484,118.87885598822224,119.17883431433982,97.90928803427998,94.3949248409046,110.59375610028331,107.34287695327332,103.4618908814106,119.53653571596162,116.3258178696051,123.99485281329558,80.70522325565861,77.0384216323358,81.03118419450152,52.73103815975699,77.77842406968169,78.85034902867929,1.1217999458312988,110.79561614990234,114.8413543701172,105.2978363037109,102.4726028442383,109.9614181518555,95.12711960907708,100.38681030273438,123.3802719116211,98.11379823119668,103.22800442892432,124.1896514892578,120.86415456572372,106.9035568237305,122.2797927856445,109.55381774902344,125.63995361328124,97.55713159968478,123.93972657419418,92.92572021484376,114.83081171845684,89.74678802490234,107.6751174926758,103.9558,100.4199,101.0384,100.556,98.98115,100.5603,99.69627,100.222,101.2202,98.18482,100.2739,99.58361,100.3442,100.5682,99.73546,100.6073,98.86368,99.42289,89.24,-5.360000000000001,45200000.0,0.0,0.0,0.0,0.0,0.0,0.0,0.0,224.81,36.59,23.11,11.1,7.39,10.39,137.13,453.34,3.05,21.27,15.87,0.31,10.03,276.08,13929.0,2019.0,7.0,2.0,-2.449293598294706e-16,1.0,3.0,-1.0,-1.8369701987210297e-16,-0.49999999999999983,-0.8660254037844389,8.0,31.0,25.806451612903224,4.0,0.0,39106750.230000004,11546452.19,190721.15,484173.88,13681879.16,282963.19,420707.73,418899.9,4488.09,6246.642,492133.19999999995,44255.67999999999,21813.270000000004,122632.03300000002,34849.21,7488.540000000001,63017.71,1686.3999999999996,367425.38,224501.9,772.94,15516.22,10578.541,414260.7349999999,362164.94333333336,6872.912583333333,30014.05333333333,133603.54325,26802.623333333333,21373.326666666668,329034.25999999966,18408.154166666667,39106750.230000004,11546452.19,190721.15,484173.88,13681879.16,282963.19,420707.73,418899.9,4488.09,6246.642,492133.19999999995,44255.67999999999,21813.270000000004,122632.03300000002,34849.21,7488.540000000001,63017.71,1686.3999999999996,367425.38,224501.9,772.94,15516.22,10578.541,414260.7349999999,362164.94333333336,6872.912583333333,30014.05333333333,133603.54325,26802.623333333333,21373.326666666668,329034.25999999966,18408.154166666667
2019-08-01,207.8154203878196,207.8154203878196,65.47020007723657,89.19044590896407,104.34807358142623,121.12835213596288,56.24557516305547,71.77204385357038,100.93135328047046,104.47634212722464,100.661704091827,96.95795252895398,100.10882542252293,97.8689175360359,107.73078262477397,127.97741223531364,95.82983091637256,107.69919087026724,78.89430257902981,71.591633735713,76.04850306888983,51.84805447932149,72.96234424060955,75.77447935741982,1.1125999689102173,110.6561050415039,116.1719589233398,105.1937866210938,102.5745620727539,110.0666427612305,94.64416237034976,106.01074981689452,112.36217498779295,98.36424825858964,91.7809385912614,61.59486770629883,105.46434760813628,66.90355682373047,107.4266052246094,111.13827514648438,116.71170806884766,104.61780929866036,115.19808402355054,43.96159744262695,91.6885311070519,63.14862060546875,98.70218658447266,103.8231,100.5167,100.9371,100.4814,98.78976,100.4757,99.68316,100.0337,100.9321,98.24573,100.1716,99.41563,100.2815,100.4861,99.62101,100.4652,98.50896,99.14829,81.99,-8.12,60600000.0,0.0,0.0,0.0,0.0,0.0,0.0,0.0,218.99,34.43,21.97,9.52,6.99,12.35,132.15,469.13,2.28,20.67,14.12,0.29,7.55,272.42,12620.0,2019.0,8.0,2.0,-2.449293598294706e-16,1.0,3.0,-1.0,-1.8369701987210297e-16,-0.8660254037844384,-0.5000000000000004,9.0,31.0,29.03225806451613,4.0,0.0,37912572.3,13421550.83,381274.95999999996,620031.8,11145039.030000001,725411.99,366980.26,298806.83999999997,1766.4,5137.137,585648.14,21318.479999999996,24468.0,77929.60800000001,43008.350000000006,2550.3100000000013,20719.3,19196.3,266225.86,353451.54,577.6,33334.41,10417.141,361251.00666666665,395075.0633333333,6897.576666666667,28263.72,131920.50183333334,33451.72,18440.943333333333,453109.8566666663,16647.78008333333,37912572.3,13421550.83,381274.95999999996,620031.8,11145039.030000001,725411.99,366980.26,298806.83999999997,1766.4,5137.137,585648.14,21318.479999999996,24468.0,77929.60800000001,43008.350000000006,2550.3100000000013,20719.3,19196.3,266225.86,353451.54,577.6,33334.41,10417.141,361251.00666666665,395075.0633333333,6897.576666666667,28263.72,131920.50183333334,33451.72,18440.943333333333,453109.8566666663,16647.78008333333
2019-09-01,215.85383324475836,215.85383324475836,100.84990825084698,115.17440098188506,117.9095704241906,138.3593917380069,107.75509353882772,115.6415627387955,128.1979263366216,132.10287079538935,103.41412014937404,99.5209802170034,112.21203973503948,109.03288664558856,105.32883738662132,127.206964341089,119.86612283521627,131.46233345458768,80.46323800031782,75.5647419957049,77.32280800948432,58.1925137678151,75.9607967436483,76.43554713583471,1.1003999710083008,111.05025482177734,114.8413543701172,105.1937866210938,102.7784881591797,110.0666427612305,94.64616183340956,103.33577728271484,128.73037719726562,98.61469828598264,103.22800442892432,116.4902954101563,134.7020654243741,108.6294479370117,123.5463485717773,109.27721405029295,131.04696655273438,111.67848699763591,128.49017064165253,87.69580078125,114.93591967308522,88.24954223632812,107.5719757080078,103.8964,100.6231,100.9291,100.4638,98.65952,100.4357,99.6434,99.99068,100.932,98.36055,100.1117,99.25211,100.2263,100.4102,99.50758,100.3404,98.02803,98.94034,88.57,8.03,41830000.0,0.0,0.0,0.0,0.0,0.0,0.0,0.0,197.17,33.75,23.77,8.43,5.45,12.43,124.73,412.52,3.0,20.37,14.45,0.28,7.78,238.59,12380.0,2019.0,9.0,2.0,-2.449293598294706e-16,1.0,3.0,-1.0,-1.8369701987210297e-16,-1.0,-1.8369701987210297e-16,9.0,30.0,30.0,5.0,0.0,38042677.05,11359418.3,301973.43,491643.59,7645745.289999999,206931.16999999998,397537.2,420707.73,6371.5,6914.553,2898779.87,19217.0,44255.68,121722.133,22497.6,34849.21,1602.0,7535.25,725678.3299999998,367425.38,284.4,1306.0000000000018,11185.283,353201.96166666667,616401.1266666666,5263.090833333333,111008.62666666666,44751.375,28369.0,19326.935,581596.1166666663,13400.87,38042677.05,11359418.3,301973.43,491643.59,7645745.289999999,206931.16999999998,397537.2,420707.73,6371.5,6914.553,2898779.87,19217.0,44255.68,121722.133,22497.6,34849.21,1602.0,7535.25,725678.3299999998,367425.38,284.4,1306.0000000000018,11185.283,353201.96166666667,616401.1266666666,5263.090833333333,111008.62666666666,44751.375,28369.0,19326.935,581596.1166666663,13400.87
2019-10-01,226.6692591036553,226.6692591036553,101.45470648880048,120.92856718399796,114.72987615831056,128.93103835787863,114.3840823342651,123.38552925256116,107.69286297748398,106.52640206634234,104.16953417943618,100.15456701535724,113.31231519399932,111.8952353460706,105.31392605746684,126.20102750832471,121.84761076674604,129.67732056086493,80.12169750534251,72.6736731976137,76.45733090765063,59.115498034277806,72.4604935403822,76.40966714852475,1.105299949645996,111.0322036743164,113.6131057739258,105.0897369384766,102.6765289306641,110.487548828125,94.19932619321006,103.51399230957033,125.03099822998048,99.0216795804962,105.0677114385487,124.2896499633789,110.80481505789656,105.5837554931641,117.7892990112305,108.87970733642578,129.2439422607422,113.03388494877856,128.25067358547048,91.63719177246094,101.34756059845718,94.7669677734375,109.1190338134766,104.0584,100.6439,100.9365,100.4976,98.78168,100.4428,99.61147,100.0898,101.1294,98.42083,100.1229,99.20591,100.2188,100.3436,99.57677,100.29,98.16537,98.87395,93.19,5.22,43550000.0,0.0,0.0,0.0,0.0,0.0,0.0,0.0,196.5,36.44,26.0,7.34,5.89,13.2,122.5,396.55,3.35,23.98,14.31,0.3,10.31,200.7,12803.0,2019.0,10.0,2.0,-2.449293598294706e-16,1.0,4.0,-2.449293598294706e-16,1.0,-0.8660254037844386,0.49999999999999994,8.0,31.0,25.806451612903224,4.0,1.0,40602780.63999999,16579668.11,443349.32,426221.33999999997,15018604.629999999,499147.73,1084685.92,366980.26,13930.26,3219.32,3749980.46,292490.4,21318.479999999996,28686.33,19601.050000000003,43008.350000000006,12851.2,-9.094947017729282e-13,752884.16,266225.86,664.57,16582.55,6474.599999999999,297702.7916666667,531338.1533333333,5041.064166666667,150842.36333333334,54095.821666666656,35951.06666666667,19556.693333333333,588069.0533333329,12991.028333333334,40602780.63999999,16579668.11,443349.32,426221.33999999997,15018604.629999999,499147.73,1084685.92,366980.26,13930.26,3219.32,3749980.46,292490.4,21318.479999999996,28686.33,19601.050000000003,43008.350000000006,12851.2,-9.094947017729282e-13,752884.16,266225.86,664.57,16582.55,6474.599999999999,297702.7916666667,531338.1533333333,5041.064166666667,150842.36333333334,54095.821666666656,35951.06666666667,19556.693333333333,588069.0533333329,12991.028333333334
2019-11-01,240.9537626567217,240.9537626567217,94.55101472490914,110.23944568721572,116.87675709853468,135.20974476800166,102.94398489300856,118.30112847709104,104.249771965606,104.16205384601017,104.92494820949838,100.78815381371106,109.3459351998139,103.18083859723237,104.35687471602613,114.89003479596693,117.89557624342062,128.56394659561192,80.38916783644223,76.6176460807014,76.21530552750112,63.47069207042409,76.42047511612537,77.77201622409768,1.1051000356674194,111.0354232788086,112.8966217041016,104.9856872558594,102.6765289306641,110.487548828125,92.98586459484711,101.27818298339844,122.6446533203125,99.4286608750098,100.36623796950856,112.2906494140625,105.91508193123606,102.0304641723633,122.6252212524414,110.4559555053711,127.9522705078125,114.3892828999212,125.61620596746832,81.48054504394531,100.85418777482091,82.43669891357422,106.3343353271484,104.2441,100.5509,101.0363,100.5361,99.08835,100.5191,99.6229,100.3945,101.3908,98.33443,100.1875,99.25149,100.2376,100.2771,99.76842,100.2943,98.5113,98.89565,105.58,13.29,44790000.0,0.0,0.0,0.0,0.0,0.0,0.0,0.0,179.29,38.57,22.61,9.23,5.67,12.4,121.45,431.65,5.78,27.13,12.43,0.31,11.97,196.49,11682.0,2019.0,11.0,2.0,-2.449293598294706e-16,1.0,4.0,-2.449293598294706e-16,1.0,-0.5000000000000004,0.8660254037844384,9.0,30.0,30.0,4.0,0.0,39012299.19,11382774.45,93226.31999999998,375671.57,11542647.469999999,581767.8500000001,111791.33999999997,397537.2,555.0,1875.9,218976.78000000003,140819.69,19217.0,1070.0,65754.55,22497.6,1378.5500000000002,17771.4,285644.67,725678.3299999998,1566.0,1556.4999999999982,21617.61,284759.4766666666,579800.2266666667,6899.889166666667,251417.45666666667,80751.84499999999,42848.786666666674,17023.343333333334,443457.6199999997,12433.0375,39012299.19,11382774.45,93226.31999999998,375671.57,11542647.469999999,581767.8500000001,111791.33999999997,397537.2,555.0,1875.9,218976.78000000003,140819.69,19217.0,1070.0,65754.55,22497.6,1378.5500000000002,17771.4,285644.67,725678.3299999998,1566.0,1556.4999999999982,21617.61,284759.4766666666,579800.2266666667,6899.889166666667,251417.45666666667,80751.84499999999,42848.786666666674,17023.343333333334,443457.6199999997,12433.0375
2019-12-01,262.9139971587154,262.9139971587154,93.19744534383906,119.04751612349808,113.79490800808765,135.88988721038203,85.86026112439316,135.80428535860156,119.77946383053556,120.9264334005372,105.68036223956052,101.42174061206492,101.88652622310067,94.64113074772553,101.98505808987238,124.3566997912904,112.25293340622632,133.33069382756165,80.71317038756072,79.0786633316409,77.46999671242833,56.0104638633257,80.1527261220175,80.65345419582337,1.111299991607666,111.28662872314452,112.0777893066406,104.8816375732422,102.6765289306641,110.38232421875,92.71500772151794,99.12844848632812,123.0656967163086,99.83564216952335,93.41623371092751,95.39205169677734,125.62192928858194,103.7563400268555,130.6850891113281,107.64418029785156,119.10216522216795,115.74468085106383,117.2338090010977,63.97170257568359,107.86661652042883,76.09541320800781,82.81908416748047,104.3325,100.284,101.0496,100.6788,99.26521,100.5596,99.66732,100.7354,101.6124,97.53813,100.3319,99.36457,100.2375,100.1905,99.91677,100.2902,98.66959,99.00091,105.06,-0.4999999999999999,39000000.0,0.0,0.0,0.0,0.0,0.0,0.0,0.0,170.51,45.07,27.86,9.29,5.46,14.89,132.55,506.1,4.49,21.43,11.98,0.32,9.84,207.65,12195.0,2019.0,12.0,2.0,-2.449293598294706e-16,1.0,4.0,-2.449293598294706e-16,1.0,-2.449293598294706e-16,0.9999999999999999,9.0,31.0,29.03225806451613,5.0,2.0,37323903.07,13826060.48,298011.68,190721.15,8104241.69,181159.2,542923.42,1084685.92,24181.8,0.0,1194770.75,320942.27999999997,292490.4,17880.6,43190.76,19601.050000000003,2571.3,63017.71000000001,291844.03,752884.1599999999,149.0,14921.72,13924.52,298967.31,382015.82666666666,7534.169166666667,270425.75333333336,108388.06916666667,45225.02333333334,6520.391666666666,214635.95333333305,11764.858333333332,37323903.07,13826060.48,298011.68,190721.15,8104241.69,181159.2,542923.42,1084685.92,24181.8,0.0,1194770.75,320942.27999999997,292490.4,17880.6,43190.76,19601.050000000003,2571.3,63017.71000000001,291844.03,752884.1599999999,149.0,14921.72,13924.52,298967.31,382015.82666666666,7534.169166666667,270425.75333333336,108388.06916666667,45225.02333333334,6520.391666666666,214635.95333333305,11764.858333333332
2020-01-01,130.43917682136288,130.43917682136288,86.01246014270032,103.63587524106876,97.81878908238689,110.70739266072054,94.66349665333696,89.09660228528446,103.52369399000888,102.64736188797148,100.2275786220726,96.18785834262862,97.70278530808824,91.73285710616466,104.18514044877983,110.2685858562838,102.1191131124698,107.91449323853152,80.50375581915111,76.0578280578419,77.70223174561951,48.6284779174297,77.96819954455755,80.04494269933024,1.1100000143051147,111.52886962890624,112.4872055053711,105.4018859863281,102.7784881591797,110.697998046875,92.6713308990496,102.2126007080078,104.48609161376952,94.41966032715035,87.38608295715868,101.6915283203125,107.66266588571077,90.5583724975586,96.7184829711914,108.09286499023438,105.1406707763672,110.22852639873918,116.39556930446062,78.52450561523438,95.08428761809562,78.6495361328125,99.83670043945312,104.0403,100.0519,100.9605,100.5799,99.0919,100.4793,99.59807,100.8571,101.6108,95.8528,100.4601,99.42984,100.0848,100.0535,99.85726,100.173,98.73808,99.16805,100.64,-4.2,41060000.0,24.8,1.85,1.65,1.75,0.0,2.57,0.0,142.79,47.49,27.99,8.11,5.6,15.88,139.52,386.64,5.61,24.69,15.13,0.32,9.92,204.22,10876.0,2020.0,1.0,1.0,1.2246467991473532e-16,-1.0,1.0,1.0,6.123233995736766e-17,0.49999999999999994,0.8660254037844387,8.0,31.0,25.806451612903224,4.0,1.0,37701509.370000005,11077603.56,275968.15,381274.95999999996,13494692.75,913378.8,491332.72000000003,111791.33999999997,7611.36,1487.0,1278545.62,349515.29,140819.69,21484.0,26729.760000000002,65754.55,9.094947017729282e-13,20719.3,66419.16000000003,285644.67,0.0,5906.37,15444.39,271858.73,452675.11333333334,8047.544166666667,294590.9633333333,124374.0125,29813.37,3559.711666666666,247687.88333333307,11464.548333333334,37701509.370000005,11077603.56,275968.15,381274.95999999996,13494692.75,913378.8,491332.72000000003,111791.33999999997,7611.36,1487.0,1278545.62,349515.29,140819.69,21484.0,26729.760000000002,65754.55,9.094947017729282e-13,20719.3,66419.16000000003,285644.67,0.0,5906.37,15444.39,271858.73,452675.11333333334,8047.544166666667,294590.9633333333,124374.0125,29813.37,3559.711666666666,247687.88333333307,11464.548333333334
2020-02-01,130.43917682136288,130.43917682136288,90.14395054136422,105.7219993944238,102.986157936099,117.3718462588427,101.78753354480564,100.42632395021766,104.62610713368342,107.33089393375889,94.77479500458467,90.95397607319232,98.21080824831212,92.56762952918189,108.21725302433272,116.89089584440268,107.51603643842778,113.59517532868075,76.01569813508793,66.3087408292673,73.01586884975923,43.7911677297953,67.49259333140951,75.4866142678029,1.090499997138977,111.5757293701172,113.3060455322266,105.5059356689453,102.9824142456055,110.8032302856445,92.5338236626426,107.30137634277344,108.6939926147461,89.00367848477734,89.43020185674135,111.2907333374023,107.46123339451346,96.75127410888672,103.9723739624023,110.03166198730467,106.80323028564452,104.7123719464145,114.12034727073146,79.96463012695312,98.84525545511217,79.44219970703125,101.1774826049805,103.3651,99.61428,100.5764,99.94195,98.34604,100.0722,99.17788,100.5057,101.1944,94.27966,99.9379,99.15123,99.54154,99.84661,99.2032,99.84956,98.14634,99.05339,84.02,-16.52,59640000.0,76.99,7.709999999999999,10.15,31.17,2.39,11.01,7.18,142.59,45.32,32.41,8.34,5.0,15.71,134.87,386.64,3.98,17.59,12.4,0.31,7.68,186.94,10663.0,2020.0,2.0,1.0,1.2246467991473532e-16,-1.0,1.0,1.0,6.123233995736766e-17,0.8660254037844386,0.5000000000000001,9.0,29.0,31.03448275862069,4.0,0.0,34116651.47,11699896.34,218623.48,301973.43,7184359.3100000005,-15202.959999999963,323769.2,542923.42,7647.5,3234.2799999999997,584370.0,213315.32,320942.27999999997,34214.74,19519.59,43190.76,2955.2200000000003,1602.0,384800.46,291844.03,274.90999999999985,11840.670000000002,8051.15,259073.515,380691.95333333337,7813.445833333334,295757.98666666663,148559.73,19998.84,5109.378333333333,178013.7199999997,11778.069166666666,34116651.47,11699896.34,218623.48,301973.43,7184359.3100000005,-15202.959999999963,323769.2,542923.42,7647.5,3234.2799999999997,584370.0,213315.32,320942.27999999997,34214.74,19519.59,43190.76,2955.2200000000003,1602.0,384800.46,291844.03,274.90999999999985,11840.670000000002,8051.15,259073.515,380691.95333333337,7813.445833333334,295757.98666666663,148559.73,19998.84,5109.378333333333,178013.7199999997,11778.069166666666
2020-03-01,255.2379207733261,255.2379207733261,77.8576812552905,95.298140132762,112.9015828211355,132.00480797459994,71.96928034552136,88.74013538565369,131.10900070484016,134.1775753880928,89.32201138709675,85.72009380375603,106.3818428730246,99.82508911307372,107.00526745037232,131.24138205868826,108.43158684666432,120.20822984704589,70.49626160378533,42.6472477595986,68.70687148291893,41.6140916572393,40.74268583946177,68.7827685293382,1.1062999963760376,111.42152404785156,115.2507705688477,104.9856872558594,102.7784881591797,110.5927734375,91.88485717873874,107.13851928710938,125.31551361083984,83.58769664240432,94.64270505067712,77.99349975585938,132.70277911058693,83.35025787353516,117.2135925292969,106.74128723144533,125.81118774414062,99.19621749408984,127.65193094501544,58.13541793823242,127.8592701022128,68.96146392822266,104.9935531616211,102.8246,98.72127,99.77071,98.91774,97.0035,99.186,98.23824,99.45682,100.2236,96.5148,98.53397,98.43016,98.49603,99.52361,97.65602,99.21345,96.42375,98.64474,69.84,-16.88,150310000.0,79.53,65.74,48.77,80.42,49.37,36.63,45.86,188.79,43.04,29.5,8.3,5.4,14.11,133.05,384.2,3.76,19.32,10.6,0.33,9.06,179.46,12410.0,2020.0,3.0,1.0,1.2246467991473532e-16,-1.0,1.0,1.0,6.123233995736766e-17,1.0,6.123233995736766e-17,9.0,31.0,29.03225806451613,5.0,0.0,33505879.26,10041616.85,225262.14,443349.32,12424406.63,724398.75,326973.94,491332.72000000003,425.0999999999999,13050.61,1233609.73,324443.35,349515.29,10117.999999999996,13747.169999999998,26729.760000000002,10900.0,12851.2,82821.54000000001,66419.16000000003,0.0,11813.4,7373.419999999998,218127.04166666666,498866.96666666673,6911.9783333333335,241197.52,163202.72083333333,18926.783333333333,4688.369999999999,209339.78333333306,13522.019166666667,33505879.26,10041616.85,225262.14,443349.32,12424406.63,724398.75,326973.94,491332.72000000003,425.0999999999999,13050.61,1233609.73,324443.35,349515.29,10117.999999999996,13747.169999999998,26729.760000000002,10900.0,12851.2,82821.54000000001,66419.16000000003,0.0,11813.4,7373.419999999998,218127.04166666666,498866.96666666673,6911.9783333333335,241197.52,163202.72083333333,18926.783333333333,4688.369999999999,209339.78333333306,13522.019166666667
2020-04-01,241.1111822228092,241.1111822228092,50.75668043542581,64.42067630102005,81.06158083181238,93.29277707978902,50.61818072638789,55.13722866475726,95.10386763502936,92.97913385706532,85.48184190274795,82.0264800538629,61.04802221538877,57.46293549757399,90.56464267349855,108.7207497638216,77.53733341357982,83.76337171795511,67.28659159242133,31.632310121775802,65.55173456341133,37.9740400406556,26.623390508697035,67.12830739187184,1.0861999988555908,111.46571350097656,114.7390060424805,104.8816375732422,102.0647430419922,110.697998046875,90.2923187703726,86.98772430419922,98.6952896118164,81.70932143695704,51.71620815944128,55.69536209106445,97.8416846289464,54.41624450683594,81.0593032836914,97.65074157714844,103.48143768310548,91.97793538219072,77.95629178724677,38.95907211303711,89.52143055504106,44.8293571472168,81.06575775146484,102.1382,97.88792,98.98228,98.44495,95.79552,98.20526,97.18971,97.94344,99.16765,98.30811,96.89158,97.65586,97.45926,99.04333,95.83762,98.46373,94.42829,98.19856,76.34,9.31,74270000.0,60.209999999999994,87.96,76.85,90.65,72.66,79.63,72.69,183.3,35.15,25.05,9.21,4.97,11.51,129.49,391.51,0.7400000000000002,13.58,9.0,0.3,6.37,153.48,12686.0,2020.0,4.0,1.0,1.2246467991473532e-16,-1.0,2.0,1.2246467991473532e-16,-0.9999999999999999,0.8660254037844388,-0.4999999999999998,8.0,30.0,26.666666666666668,4.0,2.0,39064430.88,12281515.46,197670.48,93226.32,9232237.68,529808.94,845857.76,323769.2,2233.0,9119.65,2969948.65,185833.89,213315.32,21813.27,23513.59,19519.59,10325.15,1378.5500000000002,160397.35,384800.46,555.0,28300.82,4280.25,267245.98500000004,491865.7933333334,6275.078333333334,196636.41333333333,168020.94833333333,22658.956666666665,3983.370000000001,104583.19666666636,15425.465000000002,39064430.88,12281515.46,197670.48,93226.32,9232237.68,529808.94,845857.76,323769.2,2233.0,9119.65,2969948.65,185833.89,213315.32,21813.27,23513.59,19519.59,10325.15,1378.5500000000002,160397.35,384800.46,555.0,28300.82,4280.25,267245.98500000004,491865.7933333334,6275.078333333334,196636.41333333333,168020.94833333333,22658.956666666665,3983.370000000001,104583.19666666636,15425.465000000002
2020-05-01,255.80816046314055,255.80816046314055,66.07124225383694,77.91193447467415,85.40586137021717,98.63470590329042,87.05728637174758,89.26474317065156,82.02290281580993,80.85497534261762,81.64167241839914,78.33286630396975,69.19719988021683,65.21098187836738,93.7588030538394,111.51966788178888,88.92282437003429,95.8912696366371,68.89024944579553,39.2468758008906,68.00635609756434,35.59566195769581,38.43585951152624,69.54191482376365,1.0901999473571775,111.41980743408205,115.6601867675781,104.8816375732422,102.1667098999023,110.8032302856445,91.08896907729329,91.59880065917967,101.7864761352539,79.83094623150976,60.19930159270932,95.59203338623048,83.71451021739189,70.05076599121094,86.81635284423828,98.03790283203124,105.78857421875,84.75965327029157,85.50044905698034,67.45831298828125,78.5736978819684,59.62568664550781,82.81908416748047,101.6444,97.9662,98.88695,98.58982,95.55615,98.02104,96.61669,97.20135,98.68124,99.15063,96.96441,97.63272,96.84171,98.51799,95.58724,98.15688,93.98078,98.42693,88.82,16.36,56490000.0,74.68,80.08,63.839999999999996,73.68,61.74,74.23,72.69,197.36,35.13,23.65,11.48,5.85,12.06,142.31,416.18,1.42,14.14,9.0,0.3,5.6,166.14,12513.0,2020.0,5.0,1.0,1.2246467991473532e-16,-1.0,2.0,1.2246467991473532e-16,-0.9999999999999999,0.49999999999999994,-0.8660254037844387,10.0,31.0,32.25806451612903,5.0,2.0,37981531.31999999,12008066.85,387939.98000000004,298011.68,7990825.32,782042.98,302765.68,326973.94,1476.85,4614.08,813303.01,79632.0,324443.35,24468.0,30716.11,13747.169999999998,-2851.45,2571.3,70530.70000000001,82821.54000000001,224.0,27121.6,16905.32,270158.86833333335,620456.6066666667,6204.248333333333,139805.04333333333,178811.05166666667,19330.84,8999.82,142023.24999999968,14820.796666666667,37981531.31999999,12008066.85,387939.98000000004,298011.68,7990825.32,782042.98,302765.68,326973.94,1476.85,4614.08,813303.01,79632.0,324443.35,24468.0,30716.11,13747.169999999998,-2851.45,2571.3,70530.70000000001,82821.54000000001,224.0,27121.6,16905.32,270158.86833333335,620456.6066666667,6204.248333333333,139805.04333333333,178811.05166666667,19330.84,8999.82,142023.24999999968,14820.796666666667
2020-06-01,283.3393819731943,283.3393819731943,93.60035692598656,119.4974282852663,103.70490401792384,121.93509825911524,96.53074329967248,106.59818399170324,102.57261753146776,103.87823541962744,77.80150293405032,74.6392525540766,92.05622068270392,88.21725559540523,99.29310674641444,126.6427231821814,106.52239299897666,118.92768809655163,74.34298818182633,48.5231595002039,73.67846260714732,33.9922819297058,49.91938435790394,76.37383331994174,1.125499963760376,111.3924560546875,116.2743148803711,104.9856872558594,102.1667098999023,110.5927734375,91.7430567877179,99.01824188232422,118.49364471435548,77.95257102606246,82.7868154330977,105.7911911010742,104.9808531462648,99.18782043457033,110.6505508422852,99.83763122558594,120.61422729492188,77.54137115839244,108.85141203472708,75.26528930664062,97.66220028178992,84.55045318603516,90.96690368652344,101.446,98.56956,99.28296,99.26873,95.97668,98.40593,96.98119,97.33764,98.6328,99.45623,97.97046,98.17185,97.05904,98.10356,96.6329,98.42492,94.99005,99.25802,94.44,6.32,59160000.0,78.49,66.2,61.33,67.59,44.51,70.87,70.70999999999998,223.92,30.57,22.17,11.38,5.9,10.94,144.57,426.25,2.64,16.85,10.95,0.28,7.36,210.81,13770.0,2020.0,6.0,1.0,1.2246467991473532e-16,-1.0,2.0,1.2246467991473532e-16,-0.9999999999999999,1.2246467991473532e-16,-0.9999999999999999,8.0,30.0,26.666666666666668,4.0,1.0,31400212.54,10708632.18,315488.98,275968.15,9872426.57,750367.7,712746.38,845857.76,3764.12,4488.09,842526.1,153949.24,185833.89,44255.68,3762.8199999999997,23513.59,32670.0,-9.094947017729282e-13,195141.7,160397.35,390.0,9649.3,15516.22,279069.33666666667,538447.9966666667,6459.861666666667,135431.37333333332,189515.81833333333,14697.243333333332,10459.228333333333,178274.26666666637,25759.290833333333,31400212.54,10708632.18,315488.98,275968.15,9872426.57,750367.7,712746.38,845857.76,3764.12,4488.09,842526.1,153949.24,185833.89,44255.68,3762.8199999999997,23513.59,32670.0,-9.094947017729282e-13,195141.7,160397.35,390.0,9649.3,15516.22,279069.33666666667,538447.9966666667,6459.861666666667,135431.37333333332,189515.81833333333,14697.243333333332,10459.228333333333,178274.26666666637,25759.290833333333
2020-07-01,243.89221032932795,243.89221032932795,90.85890869097555,98.09875338847964,100.56521144825798,117.57117190160054,106.11442144386398,119.44330188684904,98.96055996968688,100.90370514099448,81.97651245807754,78.62926239880622,93.57001690957637,89.90024587074052,96.17649343106754,115.6980663184048,104.32221931843806,113.46615106938334,80.18022192097001,51.6497454882015,79.08970395683352,34.9085246084531,53.22147762074408,84.57394047857295,1.146299958229065,111.8028335571289,116.5813751220703,105.0897369384766,102.4726028442383,110.5927734375,92.27330602080475,94.3619384765625,113.98302459716795,80.4883775534163,82.88902137807683,115.290397644043,99.1073274039914,96.54822540283205,102.705810546875,99.771240234375,122.25277709960938,84.53900709219859,112.92286198982136,85.0429458618164,98.6612996578338,81.64403533935547,96.6394500732422,101.7443,99.03076,99.68611,99.71642,96.51907,98.7817,97.85104,97.8214,98.64963,99.54837,98.93425,98.90795,97.70665,97.93507,97.95635,98.83104,96.55404,99.96269,97.65,3.4,37550000.0,78.24,48.09,56.79,66.99,39.2,65.38,68.98,249.55,30.71,23.0,10.4,5.94,11.66,139.4,453.33,2.93,18.28,14.12,0.31,8.37,273.91,13645.0,2020.0,7.0,2.0,-2.449293598294706e-16,1.0,3.0,-1.0,-1.8369701987210297e-16,-0.49999999999999983,-0.8660254037844389,8.0,31.0,25.806451612903224,4.0,0.0,30896804.07,13321842.36,329430.96,218623.48,15873894.909999998,526425.18,599831.93,302765.68,7555.45,1766.4,2246948.0,172712.88,79632.0,21318.479999999996,9612.799999999997,30716.11,8756.45,2955.2199999999993,269150.4,70530.70000000001,983.1,146778.15,33334.41,291681.055,631911.9733333334,6391.2775,145645.77333333335,196928.8783333333,6706.9400000000005,12432.191666666666,291154.06999999966,23302.223333333328,30896804.07,13321842.36,329430.96,218623.48,15873894.909999998,526425.18,599831.93,302765.68,7555.45,1766.4,2246948.0,172712.88,79632.0,21318.479999999996,9612.799999999997,30716.11,8756.45,2955.2199999999993,269150.4,70530.70000000001,983.1,146778.15,33334.41,291681.055,631911.9733333334,6391.2775,145645.77333333335,196928.8783333333,6706.9400000000005,12432.191666666666,291154.06999999966,23302.223333333328
2020-08-01,233.073194075274,233.073194075274,59.31919435232168,83.00514943615893,87.59808589845322,102.2063553641665,53.78455656046867,70.06487862770287,83.11347519470407,86.07201891646643,86.15152198210474,82.61927224353585,86.24439516132107,81.62951007803409,101.36214159174143,121.34069479803688,86.02973198880558,94.9962018529843,83.59175594434333,54.3017452832947,83.48060217869542,45.8535070767161,54.96319475682698,86.25255627086193,1.182800054550171,112.15760803222656,115.8648986816406,105.4018859863281,102.8804473876953,110.5927734375,92.37270247346136,101.31787872314452,104.33696746826172,83.02418408077014,71.85077932033047,58.09515762329102,84.74158293013201,60.0,87.39205932617188,101.4498291015625,114.55767059326172,91.53664302600474,112.32411934936631,43.88580322265625,79.79374673489009,58.21650695800781,87.9759292602539,102.1869,99.19705,99.97171,99.99003,96.99298,98.9578,98.68337,98.02614,98.84594,99.61066,99.51467,99.56557,98.41296,97.95119,98.89299,99.16505,97.45731,100.4303,104.26,6.78,31390000.0,78.24,47.37,57.93,66.61,43.06,67.64,68.98,245.68,29.75,22.91,9.83,5.78,10.29,134.23,502.3,2.79,19.21,13.67,0.29,9.19,267.63,12359.0,2020.0,8.0,2.0,-2.449293598294706e-16,1.0,3.0,-1.0,-1.8369701987210297e-16,-0.8660254037844384,-0.5000000000000004,10.0,31.0,32.25806451612903,5.0,0.0,35212730.13,12774946.290000001,294293.79,225262.14,5590709.710000001,730187.6799999999,583157.61,712746.38,943.3900000000003,6371.5,2105975.71,110275.2,153949.24,19217.0,6745.200000000001,3762.8199999999997,14793.0,10900.0,409170.11,195141.7,826.98,3849.6000000000004,1306.0,282962.73833333334,699966.4333333332,6685.919166666667,149032.09333333335,209003.145,14015.88,11768.758333333333,277203.31666666636,24224.87083333333,35212730.13,12774946.290000001,294293.79,225262.14,5590709.710000001,730187.6799999999,583157.61,712746.38,943.3900000000003,6371.5,2105975.71,110275.2,153949.24,19217.0,6745.200000000001,3762.8199999999997,14793.0,10900.0,409170.11,195141.7,826.98,3849.6000000000004,1306.0,282962.73833333334,699966.4333333332,6685.919166666667,149032.09333333335,209003.145,14015.88,11768.758333333333,277203.31666666636,24224.87083333333
2020-09-01,244.0746989843769,244.0746989843769,94.9968367206336,111.69625387603078,108.99229007991336,128.79815639079828,101.57854084155254,115.12397300855676,105.96142788227282,110.131180584405,90.32653150613196,86.60928208826547,103.715855426322,99.95566073189636,100.58769300669148,124.76612019663546,113.50759422082872,125.92747122372968,85.17935380180332,51.1688177197197,85.11530461914491,46.0729091283262,51.36167796696055,88.9860138023281,1.1792000532150269,112.47821807861328,116.4790191650391,105.1937866210938,102.9824142456055,110.697998046875,92.28000778757432,100.63229370117188,121.5459213256836,85.55999060812397,88.91917213184568,107.5910339355469,106.79028598342047,100.304573059082,111.3413925170898,100.49933624267578,133.98480224609375,98.53427895981088,130.52589561919967,87.7716064453125,104.27137766774936,86.4000015258789,104.6841430664063,102.7917,99.12444,100.0291,100.0516,97.41785,98.96914,99.10278,97.85213,99.14984,99.76554,99.5676,100.0401,99.04523,98.1063,99.43092,99.44869,98.32817,100.7303,107.88,3.47,48600000.0,60.09,48.4,50.5,65.8,43.06,65.57,67.22,237.32,28.11,21.29,9.08,5.7,11.11,124.36,417.09,3.07,21.55,14.09,0.28,9.23,212.35,12849.0,2020.0,9.0,2.0,-2.449293598294706e-16,1.0,3.0,-1.0,-1.8369701987210297e-16,-1.0,-1.8369701987210297e-16,8.0,30.0,26.666666666666668,4.0,0.0,37482085.58,11373503.08,172952.24,197670.48,11463705.639999999,847092.87,916909.76,599831.93,9907.2,13930.259999999998,1521580.0699999998,164108.2,172712.88,292490.4,25689.64,9612.8,6919.4,10325.15,153289.44,269150.4,2688.0,12377.77,16582.55,357527.325,945908.3300000001,5766.176666666666,147672.73333333334,198681.84499999997,15916.566666666666,10417.866666666667,257215.38333333304,26581.916666666668,37482085.58,11373503.08,172952.24,197670.48,11463705.639999999,847092.87,916909.76,599831.93,9907.2,13930.259999999998,1521580.0699999998,164108.2,172712.88,292490.4,25689.64,9612.8,6919.4,10325.15,153289.44,269150.4,2688.0,12377.77,16582.55,357527.325,945908.3300000001,5766.176666666666,147672.73333333334,198681.84499999997,15916.566666666666,10417.866666666667,257215.38333333304,26581.916666666668
2020-10-01,258.380615692635,258.380615692635,99.73115029200387,113.33319446676109,106.77435028844752,122.33689506141448,107.46089879265108,118.86898434127306,105.32736589625772,106.17893687219302,92.38834290635344,88.68901062015378,100.97845336978908,98.47846217265324,105.34692680486066,125.72667045007724,113.6604908997074,122.440625124551,86.27728271242542,51.6207934051609,85.49279171456321,54.7211548529564,50.48027631698147,89.10426543665207,1.1775000095367432,112.81269073486328,116.2743148803711,105.2978363037109,103.0843734741211,110.697998046875,92.03274169076624,103.98595428466795,122.09332275390624,86.31134069030288,88.30593646197089,113.7905197143555,106.98409326990372,105.7868041992188,106.6206130981445,108.04309844970705,134.56260681152344,102.85263987391647,123.93972657419418,92.92572021484376,101.9492816990225,89.92292785644531,107.0562973022461,103.2924,98.80775,99.86053,99.77089,97.62982,98.82847,99.21701,97.52172,99.29452,99.92666,99.34661,100.3703,99.39116,98.3982,99.71464,99.73013,98.99674,100.9992,100.7,-6.66,36130000.0,63.06999999999999,50.17,55.21,68.01,33.18,67.89,66.2,236.78,37.76,26.54,9.18,5.74,13.59,122.77,395.18,2.63,22.74,11.41,0.3,8.59,193.9,13371.0,2020.0,10.0,2.0,-2.449293598294706e-16,1.0,4.0,-2.449293598294706e-16,1.0,-0.8660254037844386,0.49999999999999994,9.0,31.0,29.03225806451613,4.0,1.0,38879360.2,15912683.17,645058.0,387939.98000000004,14160091.049999999,316929.21,1337657.62,583157.61,2893.35,555.0,3891447.7600000002,168634.8,110275.2,140819.69,15314.86,6745.200000000001,2219.8,-2851.4500000000007,209186.6,409170.11,2047.7000000000003,44867.100000000006,1556.5,348304.635,802813.6333333333,9012.489166666666,112712.66666666667,187396.4541666667,16843.126666666667,13192.941666666666,169250.70666666634,28316.5825,38879360.2,15912683.17,645058.0,387939.98000000004,14160091.049999999,316929.21,1337657.62,583157.61,2893.35,555.0,3891447.7600000002,168634.8,110275.2,140819.69,15314.86,6745.200000000001,2219.8,-2851.4500000000007,209186.6,409170.11,2047.7000000000003,44867.100000000006,1556.5,348304.635,802813.6333333333,9012.489166666666,112712.66666666667,187396.4541666667,16843.126666666667,13192.941666666666,169250.70666666634,28316.5825
2020-11-01,274.40195137129564,274.40195137129564,94.02185870543246,116.6192033464287,112.27960546950764,129.32568547564557,103.45388568667414,120.11083917115208,107.87680036479664,108.83108555788776,94.45015430657492,90.76873915204207,106.18379653719944,103.75661388280555,102.84286465307544,115.02380838780488,115.62388334458792,129.53156462009477,91.4469405439522,55.30181595459109,90.27961371441432,59.0622730548325,53.52090114777037,93.81707748473733,1.1838,113.15876007080078,113.57216262817383,105.1937866210938,103.0843734741211,110.9084548950195,91.12614730295016,100.440185546875,123.78035736083984,87.0626907724818,93.21182182096926,109.4908752441406,111.29988853433387,100.304573059082,114.5653457641602,107.60272216796876,135.36434936523438,107.17100078802208,129.68765592256258,89.5906982421875,100.89708829194764,83.84587097167969,108.0876617431641,103.6228,98.5641,99.63906,99.58212,97.6118,98.75352,99.19244,97.42648,99.25259,100.071,99.14434,100.5675,99.50414,98.75661,99.75532,99.92045,98.71677,101.1632,112.0,11.22,45310000.0,69.48,78.33,62.18,81.79,58.06,68.33,71.48,198.65,39.52,22.58,7.24,5.26,13.11,129.83,464.53,4.63,26.31,12.92,0.31,9.0,173.66,13280.0,2020.0,11.0,2.0,-2.449293598294706e-16,1.0,4.0,-2.449293598294706e-16,1.0,-0.5000000000000004,0.8660254037844384,9.0,30.0,30.0,5.0,0.0,41453854.5,10003848.44,332603.83999999997,315488.98,4647204.31,313535.91000000003,153873.52000000002,916909.76,39510.75,24181.8,973837.23,5395.0,164108.2,320942.27999999997,9524.88,25689.64,13799.0,32670.0,145276.08000000002,153289.44,7355.75,22372.49,14921.72,364649.49499999994,798656.0100000001,6634.1641666666665,206559.2866666667,197788.6025,15167.793333333335,8039.608333333334,171801.48666666637,27417.021666666667,41453854.5,10003848.44,332603.83999999997,315488.98,4647204.31,313535.91000000003,153873.52000000002,916909.76,39510.75,24181.8,973837.23,5395.0,164108.2,320942.27999999997,9524.88,25689.64,13799.0,32670.0,145276.08000000002,153289.44,7355.75,22372.49,14921.72,364649.49499999994,798656.0100000001,6634.1641666666665,206559.2866666667,197788.6025,15167.793333333335,8039.608333333334,171801.48666666637,27417.021666666667
2020-12-01,296.2438341780627,296.2438341780627,94.06727368301657,120.0317944198263,112.755518504025,135.7206429162401,88.32397419500609,132.21393448914674,116.53075973944604,118.43325066116556,96.51196570679642,92.84846768393038,98.83914756216907,102.31111954704662,100.70124330279076,127.77818144120845,113.3233020445081,136.69085004167468,98.0446261298788,63.74668437006811,99.6505128483917,63.85843256317491,61.64750870523272,103.15152439484652,1.217,113.53819274902344,113.46980743408203,105.4018859863281,103.1863403320313,110.9084548950195,91.60242762885972,98.20500946044922,123.59750366210938,87.81404085466072,92.18976237117792,95.89201354980467,119.90175488555867,105.3807144165039,124.4674758911133,105.6464385986328,126.4298324584961,111.48936170212768,110.88713701227422,70.9449234008789,109.6572658784864,75.74311828613281,91.2763214111328,103.7354,98.7538,99.49271,99.88049,97.44328,98.94886,99.13469,97.82914,99.25558,99.99227,99.29278,100.8106,99.80731,99.12276,99.91563,100.1087,98.49593,101.3786,117.52,4.93,34830000.0,79.08000000000001,68.91,75.48,80.86,59.2,72.36,71.88,193.52,44.38,23.28,8.03,5.03,14.08,136.88,557.02,5.05,25.78,13.81,0.32,10.58,209.38,13190.0,2020.0,12.0,2.0,-2.449293598294706e-16,1.0,4.0,-2.449293598294706e-16,1.0,-2.449293598294706e-16,0.9999999999999999,8.0,31.0,25.806451612903224,4.0,2.0,37643611.57,15021617.790000001,413558.14,329430.96,10164873.57,335130.74,904436.89,1337657.62,-4358.0999999999985,7611.36,488891.95999999996,445648.06000000006,168634.8,349515.29,20663.64,15314.86,1750.0,8756.45,160941.78,209186.6,2979.54,4126.99,5906.37,360285.93333333335,706759.9566666667,6717.0925,240689.08333333334,191247.6775,20468.41,8542.275,188769.03666666636,27933.609166666665,37643611.57,15021617.790000001,413558.14,329430.96,10164873.57,335130.74,904436.89,1337657.62,-4358.0999999999985,7611.36,488891.95999999996,445648.06000000006,168634.8,349515.29,20663.64,15314.86,1750.0,8756.45,160941.78,209186.6,2979.54,4126.99,5906.37,360285.93333333335,706759.9566666667,6717.0925,240689.08333333334,191247.6775,20468.41,8542.275,188769.03666666636,27933.609166666665
2021-01-01,214.8430020181487,214.8430020181487,84.12957119059053,97.83116528079977,90.60821648967476,103.2067005425334,89.61769502302998,92.8845824815736,102.48657935373508,103.40419085040725,93.96259942523368,90.45194575286516,88.23691450784314,98.07009176800996,107.05581393148178,114.20624470734084,96.6478222529458,105.7781933486178,99.7116517305591,69.8825661179999,102.83930165921691,73.0214793264205,67.81732025508592,105.80468760671002,1.2171,113.34732818603516,113.38792419433592,105.9221343994141,103.5941925048828,111.4345855712891,92.02263158275623,106.06517791748048,109.4223403930664,86.74962823824059,77.98313601907844,93.39221954345705,105.46674813554628,89.03553009033203,89.11917114257812,109.01832580566406,116.3056640625,106.38297872340426,106.81568705717991,80.9499740600586,96.40998447936248,76.18348693847656,93.33905792236328,103.8825,98.83266,99.39911,100.2439,97.42619,99.17748,99.10802,98.40585,99.2615,99.75475,99.5844,101.1553,100.1582,99.4624,100.1195,100.3647,98.45927,101.5576,127.94,8.87,39920000.0,78.24,63.89,83.51,76.55,60.19,86.89,71.76,185.24,48.26,23.02,9.02,5.49,12.72,140.61,459.67,5.92,27.76,13.76,0.32,12.47,210.85,11970.0,2021.0,1.0,1.0,1.2246467991473532e-16,-1.0,1.0,1.0,6.123233995736766e-17,0.49999999999999994,0.8660254037844387,10.0,31.0,32.25806451612903,5.0,1.0,34816959.18,9755535.99,303249.58999999997,294293.79,8845742.299999999,332556.98,1061969.46,153873.52000000002,8606.5,7647.5,1096370.71,271024.19,5395.0,213315.32,31216.71,9524.88,11772.45,14793.0,260089.25,145276.08000000002,8485.599999999999,12105.42,11840.670000000002,338781.29666666663,757408.87,6131.925833333334,269808.75333333336,181200.9016666667,20666.236666666668,6581.441666666666,153797.0366666664,27276.061666666665,34816959.18,9755535.99,303249.58999999997,294293.79,8845742.299999999,332556.98,1061969.46,153873.52000000002,8606.5,7647.5,1096370.71,271024.19,5395.0,213315.32,31216.71,9524.88,11772.45,14793.0,260089.25,145276.08000000002,8485.599999999999,12105.42,11840.670000000002,338781.29666666663,757408.87,6131.925833333334,269808.75333333336,181200.9016666667,20666.236666666668,6581.441666666666,153797.0366666664,27276.061666666665
2021-02-01,214.8430020181487,214.8430020181487,88.82794841043433,107.84732971268244,102.52010266235716,117.65651300305196,103.66083034733464,107.78130659257305,112.06777082792598,112.963085025385,91.41323314367092,88.05542382179995,98.93731961769096,102.02661092886316,107.7079566806339,121.29215137450784,107.9571086704804,119.18963949280062,105.01976354341087,80.3819434731176,106.3923564206919,97.4780254259343,76.49638530607572,112.4245229248301,1.2098,113.8411102294922,113.33674774169921,106.5464248657227,104.0020446777344,111.6450347900391,92.25622219165469,107.85263061523438,116.34584045410156,85.68521562182046,86.26181756238823,109.4908752441406,116.29905746939106,93.8071060180664,102.0149688720703,107.42134857177734,120.06204223632812,101.27659574468086,121.90400159664702,90.27286529541016,103.4401337375523,80.7633056640625,103.4464950561523,103.9983,99.02706,99.56261,100.5991,97.7681,99.53003,99.17097,99.45232,99.39728,99.60085,99.95578,101.6412,100.5698,99.77113,100.516,100.7583,99.58276,101.7959,127.98,0.030000000000000027,33160000.0,74.07,62.21,82.87,75.92,60.19,87.5,68.32,185.41,41.5,23.65,8.12,4.85,13.05,124.38,459.67,4.31,22.45,11.27,0.3,8.62,201.98,12927.0,2021.0,2.0,1.0,1.2246467991473532e-16,-1.0,1.0,1.0,6.123233995736766e-17,0.8660254037844386,0.5000000000000001,8.0,28.0,28.57142857142857,4.0,0.0,27180432.94,3804319.74,165265.96999999997,172952.24,1405295.3600000003,27472.940000000002,305820.25999999995,904436.89,625.5,425.0999999999999,18200.0,92754.01,445648.0600000001,324443.35,10118.36,20663.64,3028.0,6919.4,40360.080000000016,160941.78,0.0,3950.1000000000004,11813.4,444582.38833333337,994419.25,6931.700833333332,217222.93666666668,178154.84,19354.95666666667,5922.678333333334,139151.20999999973,27162.811666666665,27180432.94,3804319.74,165265.96999999997,172952.24,1405295.3600000003,27472.940000000002,305820.25999999995,904436.89,625.5,425.0999999999999,18200.0,92754.01,445648.0600000001,324443.35,10118.36,20663.64,3028.0,6919.4,40360.080000000016,160941.78,0.0,3950.1000000000004,11813.4,444582.38833333337,994419.25,6931.700833333332,217222.93666666668,178154.84,19354.95666666667,5922.678333333334,139151.20999999973,27162.811666666665
2021-03-01,309.5747516356268,309.5747516356268,109.45104154507943,129.2309490305512,123.5815902021394,147.23832786999725,117.78917302947669,134.25508082609036,143.41276240443975,147.8232259668154,88.86386686210814,85.65890189073473,125.18328286430932,107.6999748676863,112.19364830535758,144.4576333442147,129.67728442470218,147.13959106928547,109.04085835043588,80.7652367347717,110.2213889417679,65.6184503734511,80.75579040884529,119.29015176345294,1.1899,115.68504333496094,113.67451782226563,106.9626235961914,104.5118560791016,111.7502670288086,92.80370575052612,113.30170440673828,142.9936065673828,84.62080300540032,116.61698322119072,124.5896148681641,147.73834133558168,118.6802062988281,125.6188812255859,109.99851989746094,145.65582275390625,96.17021276595746,140.70452050693544,102.1728134155273,134.59286236317553,94.50274658203124,119.8452911376953,103.7378,99.52993,99.87343,100.9686,98.11399,99.98801,99.38097,100.729,99.7536,99.67635,100.3828,102.1456,101.03,100.0406,101.0948,101.3423,101.4115,101.9941,140.0,9.39,38040000.0,52.99,66.88,76.7,79.33,60.19,79.75,62.83,200.92,42.05,26.43,9.07,5.07,12.98,143.48,483.23,4.34,23.38,12.13,0.33,9.83,171.63,18693.0,2021.0,3.0,1.0,1.2246467991473532e-16,-1.0,1.0,1.0,6.123233995736766e-17,1.0,6.123233995736766e-17,8.0,31.0,25.806451612903224,4.0,0.0,34630522.81,16136114.379999999,807758.79,645058.0,16650952.72,515644.63,1615468.0300000003,1061969.46,10022.4,2233.0,1978335.5499999998,287890.61,271024.19,185833.89,16729.8,31216.71,2966.8200000000006,2219.8,117004.29999999999,260089.25,1387.0,10454.4,28300.82,412398.62333333335,940299.48,9088.024166666666,221110.98666666666,186226.0441666667,29980.303333333333,8189.175,155642.88333333307,25757.41,34630522.81,16136114.379999999,807758.79,645058.0,16650952.72,515644.63,1615468.0300000003,1061969.46,10022.4,2233.0,1978335.5499999998,287890.61,271024.19,185833.89,16729.8,31216.71,2966.8200000000006,2219.8,117004.29999999999,260089.25,1387.0,10454.4,28300.82,412398.62333333335,940299.48,9088.024166666666,221110.98666666666,186226.0441666667,29980.303333333333,8189.175,155642.88333333307,25757.41
2021-04-01,282.4208314860697,282.4208314860697,93.53096881109543,115.1985544802088,108.01673392223356,125.1739682153416,109.50803154563788,116.72686988265086,116.215743422644,115.62807837102672,89.11165645220962,86.28060509954288,104.65210059187986,106.48772635256218,112.57220472801448,135.0975345321983,114.12774369756526,127.18772155824716,113.47181402111688,80.8017176656655,115.32305325422088,71.2774499129487,79.6424409562402,123.75703757315176,1.1979,117.27081298828124,113.15251083374024,107.7950210571289,104.6138153076172,111.9607162475586,92.9107960147134,113.55962371826172,129.62474060058594,87.0626907724818,96.58461800528066,117.2902297973633,120.1471029076094,100.0,109.3839950561523,110.6160659790039,133.57891845703125,92.63987391646968,119.26953397864484,91.63719177246094,108.19966089689588,83.05320739746094,105.5092391967773,103.4776,100.1509,100.2056,101.5852,98.25591,100.4096,99.70914,101.7342,99.99126,99.58633,100.9677,102.5395,101.5247,100.2558,101.6579,101.9409,102.8576,101.9523,138.82,-0.84,25780000.0,74.47,74.01,75.0,78.66999999999999,56.49,64.51,54.53,210.39,35.37,25.16,8.71,4.68,10.44,133.66,441.71,3.15,20.78,11.71,0.3,10.65,164.02,12215.0,2021.0,4.0,1.0,1.2246467991473532e-16,-1.0,2.0,1.2246467991473532e-16,-0.9999999999999999,0.8660254037844388,-0.4999999999999998,8.0,30.0,26.666666666666668,4.0,2.0,33476138.64,14128552.8,451955.41000000003,332603.83999999997,11102204.58,625100.14,899610.15,305820.25999999995,28108.88,1476.85,1660211.1600000001,282688.33999999997,92754.01,79632.0,63092.75,10118.36,15818.779999999999,13799.0,309564.27,40360.080000000016,1076.6,11436.0,27121.6,406291.1366666667,1195188.3233333335,10357.783333333333,318615.37,211695.64083333334,39315.916666666664,6827.508333333334,184093.09333333303,44623.863333333335,33476138.64,14128552.8,451955.41000000003,332603.83999999997,11102204.58,625100.14,899610.15,305820.25999999995,28108.88,1476.85,1660211.1600000001,282688.33999999997,92754.01,79632.0,63092.75,10118.36,15818.779999999999,13799.0,309564.27,40360.080000000016,1076.6,11436.0,27121.6,406291.1366666667,1195188.3233333335,10357.783333333333,318615.37,211695.64083333334,39315.916666666664,6827.508333333334,184093.09333333303,44623.863333333335
