,#16,CHI Production Index,CHI Shipments Index,FRA Production Index,FRA Shipments Index,GER Production Index,GER Shipments Index,ITA Production Index,ITA Shipments Index,JAP Production Index,JAP Shipments Index,SWI Production Index,SWI Shipments Index,UK Production Index,UK Shipments Index,USA Production Index,USA Shipments Index,Europe Production Index,Europe Shipments Index,(W) Price of Base Metals,(W) Price of Energy,(W) Price of Metals & Minerals,(W) Price of Natural gas index,"(W) Price of Crude oil, average",(W) Price of Copper,USA EUR to LCU Conversion Rate ,USA EE Producer Prices,UK EE Producer Prices,ITA EE Producer Prices,FRA EE Producer Prices,GER EE Producer Prices,CHI EE Producer Prices,USA Machinery & Equipment Index,(W) Machinery & Equipment Index,SWI Machinery & Equipment Index,UK Machinery & Equipment Index,ITA Machinery & Equipment Index,JAP Machinery & Equipment Index,FRA Machinery & Equipment Index,GER Machinery & Equipment Index,USA EE Production Index,(W) EE Production Index,SWI EE Production Index,UK EE Production Index,ITA EE Production Index,JAP EE Production Index,FRA EE Production Index,GER EE Production Index,CC_CHI,CC_FRA,CC_GER,CC_ITA,CC_JAP,CC_Europe,CC_SWI,CC_UK,CC_USA,BC_CHI,BC_FRA,BC_GER,BC_ITA,BC_JAP,BC_Europe,BC_SWI,BC_UK,BC_USA,stock_price,stock_price_change,stock_volume
2018-10-01,333196.87,211.95575520716895,211.95575520716895,108.280607983292,122.45173385667506,124.22787901639768,137.74195311854243,118.35051391169598,122.45689392908128,125.20995688776168,124.7932500344297,109.0777810717944,104.59478084947575,113.65932183788875,112.31802997846748,111.90254008123298,127.80883943812468,124.39196727078162,130.98925277256873,86.10258604245291,100.22216927104898,79.35498638731923,89.5707956167827,97.07226401539516,82.54508219135586,1.1483999490737915,110.70040893554688,111.4636688232422,105.2978363037109,102.0647430419922,109.1196136474609,96.31832944091008,111.42263793945312,131.34011840820312,106.81693668310244,110.89345030235928,129.3892211914063,131.50378627304292,114.7208099365234,127.4611358642578,112.85325622558594,129.32577514648438,112.97084318360916,118.6707913381898,93.0015106201172,112.3767738760491,97.84954071044922,118.2982330322266,102.8056,98.94864,101.5778,101.7588,100.3849,100.7815,100.318,100.6982,101.5022,98.79642,101.0451,101.7476,100.9696,101.5259,100.9295,102.0386,102.0568,101.2177,91.7,-7.81,61460000.0
2018-11-01,224501.9,220.51965526454364,220.51965526454364,99.63691135445414,115.95820990880324,127.40413161341596,142.7321928919857,107.71926030710212,120.13203247194744,122.624695063198,123.2898884480816,112.24149121251496,107.65623845860024,115.0884168640642,112.80101099206072,110.88040110187232,117.67587388309826,123.07009082277396,132.9341300308063,83.84137392877682,84.4368070893486,77.50087473855753,97.3624678921418,78.84116672898655,82.23093896077806,1.1367000341415403,110.99402618408205,111.6683731079102,105.2978363037109,102.0647430419922,109.2248382568359,95.37011753317653,109.73712921142578,129.97645568847656,110.79283086796588,112.11992164210886,117.9901733398438,127.88075497763774,104.8731002807617,132.9879150390625,113.14529418945312,128.23617553710938,114.73601260835304,120.46701925955492,84.1333999633789,111.90753470288143,91.1559600830078,117.1637268066406,103.2386,98.71818,101.5438,101.645,100.285,100.6595,100.3069,100.439,101.3958,98.45412,100.9598,101.5859,100.8509,101.5088,100.9174,101.8399,102.2486,101.0049,92.31,0.67,48250000.0
2018-12-01,224501.9,241.8468542666461,241.8468542666461,94.69031212695867,115.12846857656872,120.51856496078672,141.40766055891257,88.78318142991722,131.9360987883683,122.99195639275275,124.50841279239916,115.40520135323553,110.71769606772472,101.5561075253722,94.50373333163192,106.25779649800236,123.28013378640512,113.85800458695134,131.26134849624697,82.73338904107311,74.8987464762251,76.07170463079584,94.4065778513486,68.26856416201304,80.63036128406985,1.138399958610535,111.1622314453125,112.7942657470703,105.2978363037109,102.1667098999023,109.3300628662109,94.99488496057164,103.44828033447266,124.20246887207033,114.76872505282932,99.44638446469637,99.19173431396484,128.12567937720434,104.9746170043945,137.36328125,111.82362365722656,117.04354858398438,116.50118203309694,105.3787047200878,64.8812484741211,112.52424229408744,78.03302764892578,89.6261215209961,103.6305,98.62968,101.519,101.4642,100.1741,100.5454,100.1724,100.136,101.2298,98.18901,100.852,101.3715,100.7023,101.4458,100.8464,101.6098,102.3394,100.692,87.78,-4.9,48710000.0
2019-01-01,224501.9,175.66814701623522,175.66814701623522,90.14377464335028,108.32515444781708,104.77632556072642,118.70382759925366,99.27511253655656,92.41884168976458,105.51402415433354,106.3039461086945,109.6217883777066,105.1644272028445,101.7997542697059,99.6592103487257,107.51080834757134,111.0437546218524,106.41800196207336,113.05756469373324,81.25109257843613,76.2047708694399,75.77415348892652,80.0553660620669,71.58752635595322,78.82247827311473,1.1416000127792358,111.38605499267578,112.0777893066406,105.5059356689453,102.7784881591797,109.7509613037109,94.95013411787868,106.50684356689452,112.17539978027344,109.19621194333568,98.83314879482158,106.9910888671875,110.20094120678866,95.22843170166016,104.4329299926758,109.49972534179688,111.52220153808594,110.35460992907802,107.17493264145294,81.55634307861328,95.95735195798586,81.90825653076172,105.4060974121094,103.9405,98.97886,101.5336,101.2748,100.0272,100.518,99.97832,99.85248,101.0311,98.12537,100.7477,101.138,100.5383,101.3079,100.6773,101.4533,101.9919,100.5415,86.34,-1.64,52630000.0
2019-02-01,257765.04,175.66814701623522,175.66814701623522,92.55152060075272,108.94465624025868,109.59701151276217,122.6869965413091,104.58668411028252,103.21421238872134,114.46664721673818,114.99630178967308,103.83837540217768,99.61115833796426,103.4957678666542,100.58945883679516,109.81760803998212,116.73692110885848,110.42959034865832,117.70472732719428,84.68173946384732,80.0860391875573,80.11719819834883,69.545041682087,77.34404909385461,83.61876987001003,1.13510000705719,111.56114196777344,111.3613128662109,105.2978363037109,102.6765289306641,109.8561935424805,94.7122043629914,109.30371856689452,116.6032943725586,103.62369883384206,99.54859040967553,113.7905197143555,117.97653190274453,100.1015243530273,112.8382263183594,110.83565521240234,112.6667251586914,104.20803782505912,110.64763995609222,83.45123291015625,107.30995615185736,80.32292938232422,103.6527709960938,104.1535,99.37622,101.548,101.0606,99.87872,100.5431,99.80544,99.72394,101.0838,98.23363,100.6161,100.8785,100.4249,101.1329,100.5132,101.3497,101.3867,100.3775,86.66,0.37,48050000.0
2019-03-01,224501.9,261.6428015887835,261.6428015887835,107.8617877734872,126.96621589643505,122.53464783785472,140.11621350624793,114.29954914087736,122.45431788325496,141.6377167966329,146.09676800137896,98.05496242664876,94.05788947308402,120.7547676966352,118.18413109881963,111.66405707184596,133.231663558601,123.69391307151356,135.85907653418678,86.16782754337271,82.2232008944792,81.09669812297182,67.9121107528877,80.70096638277008,85.4631502989664,1.1302000284194946,111.92424011230467,111.0542526245117,105.5059356689453,102.8804473876953,109.9614181518555,94.4345911395054,111.95256805419922,137.50462341308594,98.05118572434844,117.74124861596118,125.3895568847656,146.63374570824828,117.3604049682617,128.612548828125,111.09249877929688,131.4561767578125,98.0614657210402,126.21494860792336,88.8327407836914,131.45076233223213,92.47706604003906,111.388053894043,104.1568,99.64111,101.5537,100.8654,99.72719,100.5893,99.71317,99.71399,101.296,98.47947,100.5592,100.5933,100.3957,100.9661,100.4004,101.2955,100.765,100.2463,86.49,-0.2,46600000.0
2019-04-01,224501.9,219.5958129851704,219.5958129851704,98.67784377162845,114.91743241004696,110.61241421742044,127.51200606287358,99.73296912808776,106.27980407830448,107.15065267514242,104.72228145720284,97.0889322766768,93.31589203300774,106.69116359128024,103.93437452788436,109.27637907145598,125.21441449945448,111.92559499789276,121.96608798534596,85.63514130188692,86.4267320163874,81.59938825982671,62.4860657981163,86.76112988047286,85.4485513317659,1.1238000392913818,111.38450622558594,112.0777893066406,105.7140350341797,103.1863403320313,110.171875,93.85895922076152,109.16854095458984,121.49242401123048,97.9885732175002,102.92138659398692,110.0908279418945,110.01588878497716,106.8020324707031,115.0259094238281,109.4900131225586,119.41561889648438,95.5397951142632,113.5216046302764,75.94744873046875,101.30840670399056,85.51925659179688,102.5182647705078,104.1384,99.81876,101.5012,100.7306,99.60259,100.6055,99.67951,99.86852,101.4515,98.45925,100.5353,100.3271,100.4251,100.8391,100.2865,101.1641,100.1526,100.026,96.22,11.26,37290000.0
2019-05-01,353451.54,234.1691963737265,234.1691963737265,94.77955026298685,110.8144962984979,115.71233315762302,131.99363437328986,118.00628648032657,123.26163861741064,108.94092597849968,108.49239166874624,96.12290212670486,92.57389459293144,109.71969928939492,106.8994145329881,110.06370651589472,129.91224913492672,117.9010313434784,127.69580444271897,80.97121594064892,85.1757727223883,78.64918879651992,59.42233533269711,84.55551713913766,79.86829519620431,1.118499994277954,111.61335754394533,112.2825012207031,105.7140350341797,102.7784881591797,110.0666427612305,94.49063182291836,109.1941375732422,124.61112213134766,97.92596071065196,105.37432927348608,129.4892120361328,112.39749439067936,101.4213180541992,120.2072601318359,111.786376953125,122.78617095947266,93.0181245074862,117.59305458537072,91.63719177246094,101.89294734569084,84.02201080322266,107.4688415527344,104.0783,100.0449,101.3713,100.6137,99.42149,100.6047,99.67676,100.0994,101.537,98.26464,100.6031,100.1039,100.4583,100.74,100.1495,100.9769,99.58679,99.82363,91.44,-4.97,48630000.0
2019-06-01,367425.38,261.1263504070176,261.1263504070176,98.978104827605,122.04555481865556,108.91745457505206,126.7695567170754,108.23188793677132,121.31200439440344,117.7475742547908,118.46080607400636,95.15687197673294,91.8318971528552,111.54695773991853,108.95867668922128,111.71756874558032,133.7283409960749,114.3253185473292,126.61249532624144,79.41865475444601,76.3392715732818,78.52608899237563,52.9625288761405,75.60654919054667,78.06771166884941,1.1292999982833862,110.55021667480467,113.8178176879883,105.5059356689453,102.4726028442383,110.0666427612305,94.873895333731,111.47966766357422,126.9803237915039,97.86334820380372,105.16991738352785,118.9900894165039,120.4431444202594,106.0913772583008,116.0621795654297,112.1888656616211,125.1688003540039,90.4964539007092,123.10148687755712,83.52703094482422,112.2512788936122,87.45687866210938,95.8143539428711,104.086,100.2385,101.189,100.5241,99.19237,100.594,99.68859,100.1807,101.4458,98.16116,100.4701,99.83164,100.4121,100.6525,99.9551,100.774,99.24728,99.64125,94.29,3.12,37340000.0
2019-07-01,266225.86,217.05344658519093,217.05344658519093,100.35437226335446,107.25045799741042,117.1263313479991,132.66076569396373,114.70531239968778,123.57286202548484,118.87885598822224,119.17883431433982,97.90928803427998,94.3949248409046,110.59375610028331,107.34287695327332,103.4618908814106,119.53653571596162,116.3258178696051,123.99485281329558,80.70522325565861,77.0384216323358,81.03118419450152,52.73103815975699,77.77842406968169,78.85034902867929,1.1217999458312988,110.79561614990234,114.8413543701172,105.2978363037109,102.4726028442383,109.9614181518555,95.12711960907708,100.38681030273438,123.3802719116211,98.11379823119668,103.22800442892432,124.1896514892578,120.86415456572372,106.9035568237305,122.2797927856445,109.55381774902344,125.63995361328124,97.55713159968478,123.93972657419418,92.92572021484376,114.83081171845684,89.74678802490234,107.6751174926758,103.9558,100.4199,101.0384,100.556,98.98115,100.5603,99.69627,100.222,101.2202,98.18482,100.2739,99.58361,100.3442,100.5682,99.73546,100.6073,98.86368,99.42289,89.24,-5.36,45200000.0
2019-08-01,224501.9,207.8154203878196,207.8154203878196,65.47020007723657,89.19044590896407,104.34807358142623,121.12835213596288,56.24557516305547,71.77204385357038,100.93135328047046,104.47634212722464,100.661704091827,96.95795252895398,100.10882542252293,97.8689175360359,107.73078262477397,127.97741223531364,95.82983091637256,107.69919087026724,78.89430257902981,71.591633735713,76.04850306888983,51.84805447932149,72.96234424060955,75.77447935741982,1.1125999689102173,110.6561050415039,116.1719589233398,105.1937866210938,102.5745620727539,110.0666427612305,94.64416237034976,106.01074981689452,112.36217498779295,98.36424825858964,91.7809385912614,61.59486770629883,105.46434760813628,66.90355682373047,107.4266052246094,111.13827514648438,116.71170806884766,104.61780929866036,115.19808402355054,43.96159744262695,91.6885311070519,63.14862060546875,98.70218658447266,103.8231,100.5167,100.9371,100.4814,98.78976,100.4757,99.68316,100.0337,100.9321,98.24573,100.1716,99.41563,100.2815,100.4861,99.62101,100.4652,98.50896,99.14829,81.99,-8.12,60600000.0
2019-09-01,224501.9,215.85383324475836,215.85383324475836,100.84990825084698,115.17440098188506,117.9095704241906,138.3593917380069,107.75509353882772,115.6415627387955,128.1979263366216,132.10287079538935,103.41412014937404,99.5209802170034,112.21203973503948,109.03288664558856,105.32883738662132,127.206964341089,119.86612283521627,131.46233345458768,80.46323800031782,75.5647419957049,77.32280800948432,58.1925137678151,75.9607967436483,76.43554713583471,1.1003999710083008,111.05025482177734,114.8413543701172,105.1937866210938,102.7784881591797,110.0666427612305,94.64616183340956,103.33577728271484,128.73037719726562,98.61469828598264,103.22800442892432,116.4902954101563,134.7020654243741,108.6294479370117,123.5463485717773,109.27721405029295,131.04696655273438,111.67848699763591,128.49017064165253,87.69580078125,114.93591967308522,88.24954223632812,107.5719757080078,103.8964,100.6231,100.9291,100.4638,98.65952,100.4357,99.6434,99.99068,100.932,98.36055,100.1117,99.25211,100.2263,100.4102,99.50758,100.3404,98.02803,98.94034,88.57,8.03,41830000.0
2019-10-01,285644.67,226.6692591036553,226.6692591036553,101.45470648880048,120.92856718399796,114.72987615831056,128.93103835787863,114.3840823342651,123.38552925256116,107.69286297748398,106.52640206634234,104.16953417943618,100.15456701535724,113.31231519399932,111.8952353460706,105.31392605746684,126.20102750832471,121.84761076674604,129.67732056086493,80.12169750534251,72.6736731976137,76.45733090765063,59.115498034277806,72.4604935403822,76.40966714852475,1.105299949645996,111.0322036743164,113.6131057739258,105.0897369384766,102.6765289306641,110.487548828125,94.19932619321006,103.51399230957033,125.03099822998048,99.0216795804962,105.0677114385487,124.2896499633789,110.80481505789656,105.5837554931641,117.7892990112305,108.87970733642578,129.2439422607422,113.03388494877856,128.25067358547048,91.63719177246094,101.34756059845718,94.7669677734375,109.1190338134766,104.0584,100.6439,100.9365,100.4976,98.78168,100.4428,99.61147,100.0898,101.1294,98.42083,100.1229,99.20591,100.2188,100.3436,99.57677,100.29,98.16537,98.87395,93.19,5.22,43550000.0
2019-11-01,291844.03,240.9537626567217,240.9537626567217,94.55101472490914,110.23944568721572,116.87675709853468,135.20974476800166,102.94398489300856,118.30112847709104,104.249771965606,104.16205384601017,104.92494820949838,100.78815381371106,109.3459351998139,103.18083859723237,104.35687471602613,114.89003479596693,117.89557624342062,128.56394659561192,80.38916783644223,76.6176460807014,76.21530552750112,63.47069207042409,76.42047511612537,77.77201622409768,1.1051000356674194,111.0354232788086,112.8966217041016,104.9856872558594,102.6765289306641,110.487548828125,92.98586459484711,101.27818298339844,122.6446533203125,99.4286608750098,100.36623796950856,112.2906494140625,105.91508193123606,102.0304641723633,122.6252212524414,110.4559555053711,127.9522705078125,114.3892828999212,125.61620596746832,81.48054504394531,100.85418777482091,82.43669891357422,106.3343353271484,104.2441,100.5509,101.0363,100.5361,99.08835,100.5191,99.6229,100.3945,101.3908,98.33443,100.1875,99.25149,100.2376,100.2771,99.76842,100.2943,98.5113,98.89565,105.58,13.29,44790000.0
2019-12-01,66419.16000000003,262.9139971587154,262.9139971587154,93.19744534383906,119.04751612349808,113.79490800808765,135.88988721038203,85.86026112439316,135.80428535860156,119.77946383053556,120.9264334005372,105.68036223956052,101.42174061206492,101.88652622310067,94.64113074772553,101.98505808987238,124.3566997912904,112.25293340622632,133.33069382756165,80.71317038756072,79.0786633316409,77.46999671242833,56.0104638633257,80.1527261220175,80.65345419582337,1.111299991607666,111.28662872314452,112.0777893066406,104.8816375732422,102.6765289306641,110.38232421875,92.71500772151794,99.12844848632812,123.0656967163086,99.83564216952335,93.41623371092751,95.39205169677734,125.62192928858194,103.7563400268555,130.6850891113281,107.64418029785156,119.10216522216795,115.74468085106383,117.2338090010977,63.97170257568359,107.86661652042883,76.09541320800781,82.81908416748047,104.3325,100.284,101.0496,100.6788,99.26521,100.5596,99.66732,100.7354,101.6124,97.53813,100.3319,99.36457,100.2375,100.1905,99.91677,100.2902,98.66959,99.00091,105.06,-0.5,39000000.0
2020-01-01,384800.46,130.43917682136288,130.43917682136288,86.01246014270032,103.63587524106876,97.81878908238689,110.70739266072054,94.66349665333696,89.09660228528446,103.52369399000888,102.64736188797148,100.2275786220726,96.18785834262862,97.70278530808824,91.73285710616466,104.18514044877983,110.2685858562838,102.1191131124698,107.91449323853152,80.50375581915111,76.0578280578419,77.70223174561951,48.6284779174297,77.96819954455755,80.04494269933024,1.1100000143051147,111.52886962890624,112.4872055053711,105.4018859863281,102.7784881591797,110.697998046875,92.6713308990496,102.2126007080078,104.48609161376952,94.41966032715035,87.38608295715868,101.6915283203125,107.66266588571077,90.5583724975586,96.7184829711914,108.09286499023438,105.1406707763672,110.22852639873918,116.39556930446062,78.52450561523438,95.08428761809562,78.6495361328125,99.83670043945312,104.0403,100.0519,100.9605,100.5799,99.0919,100.4793,99.59807,100.8571,101.6108,95.8528,100.4601,99.42984,100.0848,100.0535,99.85726,100.173,98.73808,99.16805,100.64,-4.2,41060000.0
2020-02-01,82821.54000000001,130.43917682136288,130.43917682136288,90.14395054136422,105.7219993944238,102.986157936099,117.3718462588427,101.78753354480564,100.42632395021766,104.62610713368342,107.33089393375889,94.77479500458467,90.95397607319232,98.21080824831212,92.56762952918189,108.21725302433272,116.89089584440268,107.51603643842778,113.59517532868075,76.01569813508793,66.3087408292673,73.01586884975923,43.7911677297953,67.49259333140951,75.4866142678029,1.090499997138977,111.5757293701172,113.3060455322266,105.5059356689453,102.9824142456055,110.8032302856445,92.5338236626426,107.30137634277344,108.6939926147461,89.00367848477734,89.43020185674135,111.2907333374023,107.46123339451346,96.75127410888672,103.9723739624023,110.03166198730467,106.80323028564452,104.7123719464145,114.12034727073146,79.96463012695312,98.84525545511217,79.44219970703125,101.1774826049805,103.3651,99.61428,100.5764,99.94195,98.34604,100.0722,99.17788,100.5057,101.1944,94.27966,99.9379,99.15123,99.54154,99.84661,99.2032,99.84956,98.14634,99.05339,84.02,-16.52,59640000.0
2020-03-01,160397.35,255.2379207733261,255.2379207733261,77.8576812552905,95.298140132762,112.9015828211355,132.00480797459994,71.96928034552136,88.74013538565369,131.10900070484016,134.1775753880928,89.32201138709675,85.72009380375603,106.3818428730246,99.82508911307372,107.00526745037232,131.24138205868826,108.43158684666432,120.20822984704589,70.49626160378533,42.6472477595986,68.70687148291893,41.6140916572393,40.74268583946177,68.7827685293382,1.1062999963760376,111.42152404785156,115.2507705688477,104.9856872558594,102.7784881591797,110.5927734375,91.88485717873874,107.13851928710938,125.31551361083984,83.58769664240432,94.64270505067712,77.99349975585938,132.70277911058693,83.35025787353516,117.2135925292969,106.74128723144533,125.81118774414062,99.19621749408984,127.65193094501544,58.13541793823242,127.8592701022128,68.96146392822266,104.9935531616211,102.8246,98.72127,99.77071,98.91774,97.0035,99.186,98.23824,99.45682,100.2236,96.5148,98.53397,98.43016,98.49603,99.52361,97.65602,99.21345,96.42375,98.64474,69.84,-16.88,150310000.0
2020-04-01,70530.7,241.1111822228092,241.1111822228092,50.75668043542581,64.42067630102005,81.06158083181238,93.29277707978902,50.61818072638789,55.13722866475726,95.10386763502936,92.97913385706532,85.48184190274795,82.0264800538629,61.04802221538877,57.46293549757399,90.56464267349855,108.7207497638216,77.53733341357982,83.76337171795511,67.28659159242133,31.6323101217758,65.55173456341133,37.9740400406556,26.623390508697035,67.12830739187184,1.0861999988555908,111.46571350097656,114.7390060424805,104.8816375732422,102.0647430419922,110.697998046875,90.2923187703726,86.98772430419922,98.6952896118164,81.70932143695704,51.71620815944128,55.69536209106445,97.8416846289464,54.41624450683594,81.0593032836914,97.65074157714844,103.48143768310548,91.97793538219072,77.95629178724677,38.95907211303711,89.52143055504106,44.8293571472168,81.06575775146484,102.1382,97.88792,98.98228,98.44495,95.79552,98.20526,97.18971,97.94344,99.16765,98.30811,96.89158,97.65586,97.45926,99.04333,95.83762,98.46373,94.42829,98.19856,76.34,9.31,74270000.0
2020-05-01,195141.7,255.80816046314055,255.80816046314055,66.07124225383694,77.91193447467415,85.40586137021717,98.63470590329042,87.05728637174758,89.26474317065156,82.02290281580993,80.85497534261762,81.64167241839914,78.33286630396975,69.19719988021683,65.21098187836738,93.7588030538394,111.51966788178888,88.92282437003429,95.8912696366371,68.89024944579553,39.2468758008906,68.00635609756434,35.5956619576958,38.43585951152624,69.54191482376365,1.0901999473571775,111.41980743408205,115.6601867675781,104.8816375732422,102.1667098999023,110.8032302856445,91.08896907729329,91.59880065917967,101.7864761352539,79.83094623150976,60.19930159270932,95.59203338623048,83.71451021739189,70.05076599121094,86.81635284423828,98.03790283203124,105.78857421875,84.75965327029157,85.50044905698034,67.45831298828125,78.5736978819684,59.62568664550781,82.81908416748047,101.6444,97.9662,98.88695,98.58982,95.55615,98.02104,96.61669,97.20135,98.68124,99.15063,96.96441,97.63272,96.84171,98.51799,95.58724,98.15688,93.98078,98.42693,88.82,16.36,56490000.0
2020-06-01,269150.4,283.3393819731943,283.3393819731943,93.60035692598656,119.4974282852663,103.70490401792384,121.93509825911524,96.53074329967248,106.59818399170324,102.57261753146776,103.87823541962744,77.80150293405032,74.6392525540766,92.05622068270392,88.21725559540523,99.29310674641444,126.6427231821814,106.52239299897666,118.92768809655163,74.34298818182633,48.5231595002039,73.67846260714732,33.9922819297058,49.91938435790394,76.37383331994174,1.125499963760376,111.3924560546875,116.2743148803711,104.9856872558594,102.1667098999023,110.5927734375,91.7430567877179,99.01824188232422,118.49364471435548,77.95257102606246,82.7868154330977,105.7911911010742,104.9808531462648,99.18782043457033,110.6505508422852,99.83763122558594,120.61422729492188,77.54137115839244,108.85141203472708,75.26528930664062,97.66220028178992,84.55045318603516,90.96690368652344,101.446,98.56956,99.28296,99.26873,95.97668,98.40593,96.98119,97.33764,98.6328,99.45623,97.97046,98.17185,97.05904,98.10356,96.6329,98.42492,94.99005,99.25802,94.44,6.32,59160000.0
2020-07-01,409170.11,243.89221032932795,243.89221032932795,90.85890869097555,98.09875338847964,100.56521144825798,117.57117190160054,106.11442144386398,119.44330188684904,98.96055996968688,100.90370514099448,81.97651245807754,78.62926239880622,93.57001690957637,89.90024587074052,96.17649343106754,115.6980663184048,104.32221931843806,113.46615106938334,80.18022192097001,51.6497454882015,79.08970395683352,34.9085246084531,53.22147762074408,84.57394047857295,1.146299958229065,111.8028335571289,116.5813751220703,105.0897369384766,102.4726028442383,110.5927734375,92.27330602080475,94.3619384765625,113.98302459716795,80.4883775534163,82.88902137807683,115.290397644043,99.1073274039914,96.54822540283205,102.705810546875,99.771240234375,122.25277709960938,84.53900709219859,112.92286198982136,85.0429458618164,98.6612996578338,81.64403533935547,96.6394500732422,101.7443,99.03076,99.68611,99.71642,96.51907,98.7817,97.85104,97.8214,98.64963,99.54837,98.93425,98.90795,97.70665,97.93507,97.95635,98.83104,96.55404,99.96269,97.65,3.4,37550000.0
2020-08-01,153289.44,233.073194075274,233.073194075274,59.31919435232168,83.00514943615893,87.59808589845322,102.2063553641665,53.78455656046867,70.06487862770287,83.11347519470407,86.07201891646643,86.15152198210474,82.61927224353585,86.24439516132107,81.62951007803409,101.36214159174143,121.34069479803688,86.02973198880558,94.9962018529843,83.59175594434333,54.3017452832947,83.48060217869542,45.8535070767161,54.96319475682698,86.25255627086193,1.182800054550171,112.15760803222656,115.8648986816406,105.4018859863281,102.8804473876953,110.5927734375,92.37270247346136,101.31787872314452,104.33696746826172,83.02418408077014,71.85077932033047,58.09515762329102,84.74158293013201,60.0,87.39205932617188,101.4498291015625,114.55767059326172,91.53664302600474,112.32411934936631,43.88580322265625,79.79374673489009,58.21650695800781,87.9759292602539,102.1869,99.19705,99.97171,99.99003,96.99298,98.9578,98.68337,98.02614,98.84594,99.61066,99.51467,99.56557,98.41296,97.95119,98.89299,99.16505,97.45731,100.4303,104.26,6.78,31390000.0
2020-09-01,209186.6,244.0746989843769,244.0746989843769,94.9968367206336,111.69625387603078,108.99229007991336,128.79815639079828,101.57854084155254,115.12397300855676,105.96142788227282,110.131180584405,90.32653150613196,86.60928208826547,103.715855426322,99.95566073189636,100.58769300669148,124.76612019663546,113.50759422082872,125.92747122372968,85.17935380180332,51.1688177197197,85.11530461914491,46.0729091283262,51.36167796696055,88.9860138023281,1.1792000532150269,112.47821807861328,116.4790191650391,105.1937866210938,102.9824142456055,110.697998046875,92.28000778757432,100.63229370117188,121.5459213256836,85.55999060812397,88.91917213184568,107.5910339355469,106.79028598342047,100.304573059082,111.3413925170898,100.49933624267578,133.98480224609375,98.53427895981088,130.52589561919967,87.7716064453125,104.27137766774936,86.4000015258789,104.6841430664063,102.7917,99.12444,100.0291,100.0516,97.41785,98.96914,99.10278,97.85213,99.14984,99.76554,99.5676,100.0401,99.04523,98.1063,99.43092,99.44869,98.32817,100.7303,107.88,3.47,48600000.0
2020-10-01,145276.08000000002,258.380615692635,258.380615692635,99.73115029200387,113.33319446676109,106.77435028844752,122.33689506141448,107.46089879265108,118.86898434127306,105.32736589625772,106.17893687219302,92.38834290635344,88.68901062015378,100.97845336978908,98.47846217265324,105.34692680486066,125.72667045007724,113.6604908997074,122.440625124551,86.27728271242542,51.6207934051609,85.49279171456321,54.7211548529564,50.48027631698147,89.10426543665207,1.1775000095367432,112.81269073486328,116.2743148803711,105.2978363037109,103.0843734741211,110.697998046875,92.03274169076624,103.98595428466795,122.09332275390624,86.31134069030288,88.30593646197089,113.7905197143555,106.98409326990372,105.7868041992188,106.6206130981445,108.04309844970705,134.56260681152344,102.85263987391647,123.93972657419418,92.92572021484376,101.9492816990225,89.92292785644531,107.0562973022461,103.2924,98.80775,99.86053,99.77089,97.62982,98.82847,99.21701,97.52172,99.29452,99.92666,99.34661,100.3703,99.39116,98.3982,99.71464,99.73013,98.99674,100.9992,100.7,-6.66,36130000.0
2020-11-01,160941.78,274.40195137129564,274.40195137129564,94.02185870543246,116.6192033464287,112.27960546950764,129.32568547564557,103.45388568667414,120.11083917115208,107.87680036479664,108.83108555788776,94.45015430657492,90.76873915204207,106.18379653719944,,102.84286465307544,115.02380838780488,115.62388334458792,129.53156462009477,91.4469405439522,55.30181595459109,90.27961371441432,59.0622730548325,53.52090114777037,93.81707748473733,1.1838,113.15876007080078,,105.1937866210938,103.0843734741211,110.9084548950195,91.12614730295016,100.440185546875,123.78035736083984,87.0626907724818,93.21182182096926,109.4908752441406,111.29988853433387,100.304573059082,114.5653457641602,107.60272216796876,135.36434936523438,107.17100078802208,129.68765592256258,89.5906982421875,100.89708829194764,83.84587097167969,108.0876617431641,103.6228,98.5641,99.63906,99.58212,97.6118,98.75352,99.19244,97.42648,99.25259,100.071,99.14434,100.5675,99.50414,98.75661,99.75532,99.92045,98.71677,101.1632,112.0,11.22,45310000.0
2020-12-01,260089.25,296.2438341780627,296.2438341780627,94.06727368301657,120.0317944198263,112.755518504025,135.7206429162401,88.32397419500609,132.21393448914674,116.53075973944604,118.43325066116556,96.51196570679642,92.84846768393038,98.83914756216907,,100.70124330279076,127.77818144120845,113.3233020445081,136.69085004167468,98.0446261298788,63.74668437006811,99.6505128483917,63.85843256317491,61.64750870523272,103.15152439484652,1.217,113.53819274902344,,105.4018859863281,103.1863403320313,110.9084548950195,91.60242762885972,98.20500946044922,123.59750366210938,87.81404085466072,92.18976237117792,95.89201354980467,119.90175488555867,105.3807144165039,124.4674758911133,105.6464385986328,126.4298324584961,111.48936170212768,110.88713701227422,70.9449234008789,109.6572658784864,75.74311828613281,91.2763214111328,103.7354,98.7538,99.49271,99.88049,97.44328,98.94886,99.13469,97.82914,99.25558,99.99227,99.29278,100.8106,99.80731,99.12276,99.91563,100.1087,98.49593,101.3786,117.52,4.93,34830000.0
2021-01-01,40360.08,214.8430020181487,214.8430020181487,84.12957119059053,97.83116528079977,90.60821648967476,103.2067005425334,89.61769502302998,92.8845824815736,102.48657935373508,103.40419085040725,93.96259942523368,90.45194575286516,88.23691450784314,,107.05581393148178,114.20624470734084,96.6478222529458,105.7781933486178,99.7116517305591,69.8825661179999,102.83930165921691,73.0214793264205,67.81732025508592,105.80468760671002,1.2171,113.34732818603516,,105.9221343994141,103.5941925048828,111.4345855712891,92.02263158275623,106.06517791748048,109.4223403930664,86.74962823824059,77.98313601907844,93.39221954345705,105.46674813554628,89.03553009033203,89.11917114257812,109.01832580566406,116.3056640625,106.38297872340426,106.81568705717991,80.9499740600586,96.40998447936248,76.18348693847656,93.33905792236328,103.8825,98.83266,99.39911,100.2439,97.42619,99.17748,99.10802,98.40585,99.2615,99.75475,99.5844,101.1553,100.1582,99.4624,100.1195,100.3647,98.45927,101.5576,127.94,8.87,39920000.0
2021-02-01,117004.3,214.8430020181487,214.8430020181487,88.82794841043433,107.84732971268244,102.52010266235716,117.65651300305196,103.66083034733464,107.78130659257305,112.06777082792598,112.963085025385,91.41323314367092,88.05542382179995,98.93731961769096,,107.7079566806339,121.29215137450784,107.9571086704804,119.18963949280062,105.01976354341087,80.3819434731176,106.3923564206919,97.4780254259343,76.49638530607572,112.4245229248301,1.2098,113.8411102294922,,106.5464248657227,104.0020446777344,111.6450347900391,92.25622219165469,107.85263061523438,116.34584045410156,85.68521562182046,86.26181756238823,109.4908752441406,116.29905746939106,93.8071060180664,102.0149688720703,107.42134857177734,120.06204223632812,101.27659574468086,121.90400159664702,90.27286529541016,103.4401337375523,80.7633056640625,103.4464950561523,103.9983,99.02706,99.56261,100.5991,97.7681,99.53003,99.17097,99.45232,99.39728,99.60085,99.95578,101.6412,100.5698,99.77113,100.516,100.7583,99.58276,101.7959,127.98,0.03,33160000.0
2021-03-01,309564.27,309.5747516356268,309.5747516356268,109.45104154507943,129.2309490305512,123.5815902021394,147.23832786999725,117.78917302947669,134.25508082609036,143.41276240443975,147.8232259668154,88.86386686210814,85.65890189073473,125.18328286430932,,112.19364830535758,144.4576333442147,129.67728442470218,147.13959106928547,109.04085835043588,80.7652367347717,110.2213889417679,65.6184503734511,80.75579040884529,119.29015176345294,1.1899,115.68504333496094,,106.9626235961914,104.5118560791016,111.7502670288086,92.80370575052612,113.30170440673828,142.9936065673828,84.62080300540032,116.61698322119072,124.5896148681641,147.73834133558168,118.6802062988281,125.6188812255859,109.99851989746094,145.65582275390625,96.17021276595746,140.70452050693544,102.1728134155273,134.59286236317553,94.50274658203124,119.8452911376953,103.7378,99.52993,99.87343,100.9686,98.11399,99.98801,99.38097,100.729,99.7536,99.67635,100.3828,102.1456,101.03,100.0406,101.0948,101.3423,101.4115,101.9941,140.0,9.39,38040000.0
2021-04-01,125710.70999999999,282.4208314860697,282.4208314860697,93.53096881109543,115.1985544802088,108.01673392223356,125.1739682153416,109.50803154563788,116.72686988265086,116.215743422644,115.62807837102672,89.11165645220962,86.28060509954288,104.65210059187986,,112.57220472801448,135.0975345321983,114.12774369756526,127.18772155824716,113.47181402111688,80.8017176656655,115.32305325422088,71.2774499129487,79.6424409562402,123.75703757315176,1.1979,117.27081298828124,,107.7950210571289,104.6138153076172,111.9607162475586,92.9107960147134,113.55962371826172,129.62474060058594,87.0626907724818,96.58461800528066,117.2902297973633,120.1471029076094,100.0,109.3839950561523,110.6160659790039,133.57891845703125,92.63987391646968,119.26953397864484,91.63719177246094,108.19966089689588,83.05320739746094,105.5092391967773,103.4776,100.1509,100.2056,101.5852,98.25591,100.4096,99.70914,101.7342,99.99126,99.58633,100.9677,102.5395,101.5247,100.2558,101.6579,101.9409,102.8576,101.9523,138.82,-0.84,25780000.0
2021-05-01,218701.06,291.5216874814704,291.5216874814704,86.4430782104433,103.00808159006289,102.87869914399786,122.56357338513884,111.91493882640803,127.35124512075538,102.7904210925379,104.4254399983423,89.35944604231108,86.90230830835105,103.07197450494242,,112.18773603191993,135.0787903712134,112.07368775005442,126.49686769183356,121.93120772412388,86.2848608092467,125.79331317162789,83.4672332742107,84.00727687838521,134.86751520214233,1.2146,118.79066467285156,,108.419319152832,104.8177490234375,112.1711730957031,95.18797268577148,113.25542449951172,125.12971496582033,89.50457853956328,95.25594072055192,119.5900344848633,105.76759070301624,92.9949188232422,104.0875091552734,110.07257843017578,128.48060607910156,89.10953506698188,117.2338090010977,94.29004669189452,96.7199415594372,75.83119201660156,100.6617965698242,103.3006,100.9272,100.7404,102.4123,98.3532,100.8971,100.147,102.5018,99.93414,99.43008,101.5292,102.8487,101.981,100.4312,102.1684,102.2482,104.0156,101.87,132.64,-4.45,34440000.0
2021-06-01,186607.11000000002,321.74242528838903,321.74242528838903,107.2743367973818,135.65063091207838,115.5582969379182,139.04371063131208,111.8878879017934,134.81993903526055,128.91902042675878,131.82152149195988,89.60723563241255,87.52401151715921,116.74042918301684,,112.80894823889192,148.62930360928792,125.12315662691591,144.39642591557725,118.98835771988388,93.918952779551,124.27319007870888,94.7306563326308,90.8434112066915,127.82722962864818,1.2047,120.75299072265624,,109.3557586669922,105.5314788818359,112.3816223144531,96.69718185425468,114.9399871826172,139.2924346923828,91.94646630664477,109.4625670726514,118.9900894165039,133.32606899221682,115.4314727783203,117.2135925292969,108.58722686767578,141.03465270996094,85.57919621749409,129.92715297874463,95.57857513427734,119.93300296109769,94.06238555908205,112.5225601196289,103.0695,101.5026,101.2113,103.052,98.57491,101.2591,100.695,102.8468,99.72997,99.20774,101.917,103.1513,102.2999,100.5708,102.5624,102.3267,104.7005,101.7342,133.62,0.74,29040000.0
2021-07-01,103935.84,264.0327435766052,264.0327435766052,95.32444372916318,101.0237073593624,110.68018385689876,130.89549629992464,113.5650853127816,131.02265021148688,119.57878806452578,121.6814051798609,93.28613655701932,91.14137777792143,105.42609885850678,,107.92766761191903,133.57400949008334,116.18822917120056,128.83681981532254,119.33949889074088,98.2894165309683,124.52060140873589,112.678743248503,92.71586255880008,125.42928290702598,1.1822,121.89431762695312,,110.084098815918,105.8373718261719,113.2234344482422,97.71743107603226,107.52127075195312,129.3560791015625,94.35704782030211,95.86917639042672,122.1898193359375,123.96542416819226,103.5532989501953,112.2625198364258,108.7327651977539,134.24102783203125,91.44208037825058,122.74224129328412,93.75946807861328,110.63439181892878,81.99633026123047,107.7782516479492,102.6847,101.4909,101.3496,103.2723,98.75985,101.309,101.241,102.7925,99.2746,98.89126,102.1643,103.3976,102.4746,100.6673,102.7792,102.3684,104.9946,101.601,131.58,-1.53,26260000.0
2021-08-01,323548.03,253.72306874336013,253.72306874336013,63.8562684686615,90.60733278780314,100.88084437728428,119.08901321397316,61.33870206261745,80.6729253403708,103.19587261853246,107.63883478722047,96.96503748162608,94.75874403868367,99.2833830172106,,110.15355539789276,141.82825380222465,98.24270265679476,110.68321200761706,120.87386688397288,96.3235989315789,119.04408323908288,129.818582816746,87.12802913189955,124.3585150218119,1.1772,122.70712280273438,,110.6043472290039,106.653076171875,113.9600143432617,97.82269191939558,110.5457763671875,119.8494644165039,96.76762933395946,89.8390256366579,66.69444274902344,111.77046251043978,65.3807144165039,99.48187255859376,109.37654113769533,125.7400894165039,97.30496453900707,116.39556930446062,49.0399169921875,85.71219541708727,61.38715362548828,103.4464950561523,102.58,101.2471,101.3361,103.1959,98.89591,101.1747,101.6256,102.2876,98.72091,98.56118,102.0996,103.5386,102.5347,100.7371,102.8133,102.4625,104.8995,101.5542,140.84,7.04,21950000.0
2021-09-01,186586.24,259.0004960795912,259.0004960795912,101.85635533477117,118.18753454061957,115.04361110952112,142.35417940296483,112.37752116594912,132.62110207621492,123.2677051604605,124.17674505735096,100.64393840623283,98.37611029944593,115.83377119625996,,109.16645554309572,147.4507007017716,124.951654392349,142.71976022346018,124.12275154642788,107.178586442128,116.81299071856888,178.399405174918,92.10436380642231,123.75557767643168,1.177,124.3185577392578,,110.9164962768555,106.5511093139648,114.3809204101563,98.12733048103397,109.13866424560548,135.62083435058594,99.1782108476168,107.72506600800617,119.9900054931641,131.09760291452267,109.4416275024414,116.8681640625,109.22151184082033,141.77691650390625,103.16784869976358,130.52589561919967,94.89640808105467,107.30246290653704,89.57064056396484,111.6974639892578,102.7791,101.1283,101.3361,103.1354,99.06987,100.9637,101.709,101.4496,98.43023,98.29616,101.9823,103.5721,102.6047,100.7896,102.8102,102.6142,104.954,101.5942,141.92,0.77,34530000.0
2021-10-01,141037.06,269.7944315757368,269.7944315757368,97.34825515725994,116.87012445060562,108.42050672301592,129.55565179517896,108.1162286538661,127.27089335280388,114.03017772072052,114.95110798149584,102.6639685902121,100.52380313017152,99.13583757570105,,111.57071904741971,141.63315834746797,117.33209184882875,132.06002345404545,130.00917537123487,123.369892102883,121.38096364348488,222.529251905172,103.82405368820102,130.45132762399433,1.1601,126.0925521850586,,111.8529357910156,107.366813659668,115.0122756958008,98.6590990925014,110.58494567871094,130.32815551757812,100.21131721061282,88.81696618686655,115.4903793334961,121.45948536340192,102.6395950317383,109.6142730712891,113.52359771728516,137.0179901123047,106.88731284475963,117.83255164155273,91.1824188232422,98.88174283435212,88.7779769897461,106.2311935424805,102.9206,100.8568,101.1473,103.0342,99.25051,100.6035,101.5991,100.7553,98.24866,98.24673,102.0409,103.5064,102.6734,100.8231,102.8104,102.713,105.2367,101.5963,140.28,-1.16,24720000.0
2021-11-01,230129.08000000002,291.5200300755488,291.5200300755488,94.29278348481982,116.35766561874811,115.9515599593356,141.7590682370916,111.35024907475514,136.24968532590916,121.8233905019584,123.82017614961232,104.68399877419137,102.67149596089712,109.8569721371053,,109.65429956157136,134.27067332434262,123.9875656848572,143.05313433025546,125.18394669799387,115.008703441144,114.01717045649389,202.586117935765,101.10815578108866,129.11990181530967,1.1414,127.76435089111328,,112.8934326171875,107.5707397460938,115.3279571533203,98.14286064527734,107.93119049072266,134.94476318359375,101.24442357360884,100.36623796950856,121.0899124145508,130.38492868874425,97.96954345703124,119.1709899902344,113.06788635253906,142.67709350585938,110.60677698975572,127.0531883045604,88.98433685302734,104.36632586183082,88.33760833740234,110.0472717285156,103.042,100.5712,100.8348,102.7205,99.30335,100.1793,101.3938,100.4332,98.09073,98.47332,102.1664,103.4785,102.663,100.8373,102.8548,102.7905,105.527,101.5148,141.28,0.71,34550000.0
2021-12-01,271111.39,310.76318288784324,310.76318288784324,100.5657440669926,134.58950409937648,118.10328098474656,149.36428608567502,94.00682643919674,150.4827348999895,127.77173505445602,131.02970345194126,106.7040289581706,104.81918879162276,101.2735442528082,,107.04076588908153,148.5903710209505,123.07665886083102,150.04692189799522,125.20703038949787,112.372958366855,116.71518298656588,236.48836750686496,92.18870846192276,126.7612395872452,1.1304,128.51126098632812,,113.3096313476563,108.1825103759766,115.7488632202148,98.10619999050876,105.73674774169922,134.5987548828125,102.27752993660484,90.35005536155354,103.1913986206055,136.97550608913193,112.7918853759766,129.1882476806641,109.62410736083984,132.281005859375,114.32624113475178,121.06576190000996,72.91561126708984,109.00515101547398,80.7633056640625,97.77395629882812,103.1724,100.243,100.5543,102.2291,99.13354,99.81117,101.1161,99.96386,97.99204,98.65394,102.2433,103.5168,102.5781,100.8224,102.848,102.843,105.5047,101.314,152.68,8.07,24910000.0
2022-01-01,91021.89,235.95612934138163,235.95612934138163,85.74350279916558,108.15632035449528,94.55061008547844,120.3534025988436,86.85100789956266,101.25827713711666,110.46018068403464,110.82353204055828,103.49926026575272,101.7015703263142,95.00354079937404,,111.0521331610132,129.5657981877087,103.19982688880296,120.33809491874209,133.21939308637786,121.309885588419,125.22964127230289,196.91113953145,106.17305234388684,129.8291461854862,1.1314,131.62850952148438,,115.3906173706055,111.0374755859375,117.853385925293,98.28017053038369,110.89437103271484,117.48988342285156,100.3052359708852,85.44417000255515,92.29231262207033,117.86137719081222,90.5583724975586,92.3431167602539,111.36466979980467,122.23602294921876,108.9992119779354,112.32411934936631,74.3557357788086,95.36906469362545,77.94495391845703,98.59905242919922,103.0255,99.80743,100.3261,101.3421,98.74091,99.39194,100.7445,98.96776,97.76332,98.62638,102.2629,103.4515,102.3914,100.7659,102.7265,102.857,105.2281,101.1386,139.88,-8.38,31830000.0
2022-02-01,45696.76,235.95612934138163,235.95612934138163,90.60353963559764,117.715769619597,103.98791635184762,129.38367614125048,106.58375828225329,120.95653836550714,117.87963080108813,118.30023154594612,100.29449157333488,98.58395186100569,98.45841223408314,,116.33632718050126,138.5603304483589,113.50063523479368,131.50012602699624,138.9055715058739,131.273214765315,131.17650136422185,197.5236794019,118.34820336536762,131.96364790808138,1.1342,133.34217834472656,,116.4311065673828,112.0570983886719,118.905647277832,98.7141577450705,117.1681671142578,124.62776184082033,98.33294200516556,89.0213780768248,113.2905654907227,124.71085853274236,97.7665023803711,102.8209609985352,114.68840026855467,127.37342071533205,103.672182821119,115.55732960782356,91.1824188232422,103.95068702005364,79.0018310546875,106.128059387207,101.9484,99.07655,99.83559,100.1347,98.2549,98.70605,100.1853,97.48579,97.46407,98.3784,102.1437,103.239,102.1604,100.69,102.4905,102.7835,104.8568,101.0267,126.66,-9.45,46900000.0
2022-03-01,98729.91,329.4133674902244,329.4133674902244,107.8435475674985,136.85872019062236,121.30811901438562,151.2013140116648,124.6379662720691,153.6451415040828,152.00056118736876,156.40063426867158,97.08972288091698,95.46633339569716,121.99391513381832,,117.65403803843078,165.92621694792717,133.13300955497718,158.05562222846615,149.89087140001484,163.186834279642,141.28333939753685,271.079905931083,142.20087194087748,135.7822068561948,1.1019,136.15377807617188,,117.4715957641602,112.3629913330078,119.8526840209961,99.02155403581138,118.9109115600586,149.37522888183594,96.36064803944588,109.155949237714,134.288818359375,160.9542331800546,114.7208099365234,122.0495147705078,115.16409301757812,152.45294189453125,98.3451536643026,145.25496457439374,102.4759979248047,133.74393167375388,96.70458221435548,119.9484329223633,99.5209,97.94209,99.00729,98.64719,97.78803,97.71785,99.33743,95.96999,97.23289,97.90446,101.7799,102.8983,101.8877,100.6203,102.1331,102.6419,104.4832,100.8633,125.66,-0.79,60020000.0
2022-04-01,134071.24,267.373145413348,267.373145413348,87.69810963977972,116.5287382782966,99.52220537706869,127.02286885768936,103.55669049799876,128.73330500967262,114.26232769813406,115.01204920651008,,,95.26650212870952,,116.96104718313195,,112.90221494610168,134.93551000014023,146.09099793939885,153.188944659483,138.09414281218386,243.436029639267,130.8354296121995,134.85968484700751,1.0819,137.5316162109375,,118.4080429077148,113.2806549072266,121.2206268310547,98.85708695965508,119.38548278808594,128.28570556640625,,84.72872838770124,111.0907440185547,120.09880994442013,91.97969818115234,98.67587280273438,112.15808868408205,134.84335327148438,,114.35984432691346,86.25568389892578,102.361680218499,80.7633056640625,101.0743408203125,96.36621,97.33936,98.32222,97.89874,97.54445,96.99216,98.34635,94.69151,97.07103,97.53915,101.5007,102.6767,101.7212,100.5745,101.8425,102.5179,104.0835,100.6695,117.78,-6.27,33670000.0
